-- phpMyAdmin SQL Dump
-- version 5.2.1
-- https://www.phpmyadmin.net/
--
-- Host: 127.0.0.1
-- Generation Time: Lis 13, 2025 at 01:11 PM
-- Wersja serwera: 10.4.32-MariaDB
-- Wersja PHP: 8.2.12

SET SQL_MODE = "NO_AUTO_VALUE_ON_ZERO";
START TRANSACTION;
SET time_zone = "+00:00";


/*!40101 SET @OLD_CHARACTER_SET_CLIENT=@@CHARACTER_SET_CLIENT */;
/*!40101 SET @OLD_CHARACTER_SET_RESULTS=@@CHARACTER_SET_RESULTS */;
/*!40101 SET @OLD_COLLATION_CONNECTION=@@COLLATION_CONNECTION */;
/*!40101 SET NAMES utf8mb4 */;

--
-- Database: `noweeeeeeffnfffnfiyfhwruifhwuifh`
--

-- --------------------------------------------------------

--
-- Struktura tabeli dla tabeli `car`
--

CREATE TABLE `car` (
  `id` int(11) NOT NULL,
  `marka` varchar(50) DEFAULT NULL,
  `model` varchar(50) DEFAULT NULL,
  `rok` varchar(50) DEFAULT NULL,
  `client_id` int(11) DEFAULT NULL
) ENGINE=InnoDB DEFAULT CHARSET=utf8mb4 COLLATE=utf8mb4_general_ci;

--
-- Dumping data for table `car`
--

INSERT INTO `car` (`id`, `marka`, `model`, `rok`, `client_id`) VALUES
(1, 'Volkswagen', 'GTI', '2005', 44),
(2, 'Ford', 'Fusion', '2011', 41),
(3, 'Porsche', '911', '2001', 22),
(4, 'Mitsubishi', 'Pajero', '2002', 3),
(5, 'Mazda', 'MX-3', '1995', 39),
(6, 'Ford', 'E350', '2005', 22),
(7, 'Mazda', '626', '1994', 35),
(8, 'Chevrolet', 'Avalanche', '2002', 98),
(9, 'Mercedes-Benz', 'C-Class', '2005', 41),
(10, 'Subaru', 'Justy', '1988', 10),
(11, 'Suzuki', 'XL-7', '2002', 90),
(12, 'Subaru', 'Legacy', '1996', 84),
(13, 'Acura', 'Legend', '1993', 47),
(14, 'Audi', 'Cabriolet', '1995', 98),
(15, 'Toyota', 'Celica', '2003', 20),
(16, 'Porsche', '924', '1988', 21),
(17, 'Cadillac', 'Seville', '2002', 49),
(18, 'BMW', 'Z4 M', '2009', 84),
(19, 'Lincoln', 'Navigator', '2003', 65),
(20, 'Chrysler', 'Voyager', '2002', 39),
(21, 'Lexus', 'ES', '1990', 40),
(22, 'Lexus', 'LS', '1990', 46),
(23, 'Spyker', 'C8 Double 12 S', '2006', 35),
(24, 'Chevrolet', '1500', '1995', 75),
(25, 'Dodge', 'Ram 3500', '2003', 17),
(26, 'Honda', 'Passport', '2000', 40),
(27, 'Mazda', '929', '1993', 15),
(28, 'GMC', 'Savana 2500', '2008', 63),
(29, 'GMC', 'Savana 2500', '2002', 76),
(30, 'Volkswagen', 'Tiguan', '2010', 3),
(31, 'Suzuki', 'SJ 410', '1984', 75),
(32, 'Volvo', 'C70', '1998', 34),
(33, 'Ford', 'Escort', '1999', 74),
(34, 'GMC', 'Vandura 2500', '1992', 6),
(35, 'Ferrari', '612 Scaglietti', '2007', 71),
(36, 'BMW', 'X5', '2007', 88),
(37, 'Toyota', 'Camry', '2006', 71),
(38, 'Land Rover', 'Defender', '1997', 47),
(39, 'Mitsubishi', 'Mighty Max', '1996', 58),
(40, 'Acura', 'SLX', '1999', 19),
(41, 'Saab', '9-2X', '2005', 79),
(42, 'Mitsubishi', 'Eclipse', '2008', 70),
(43, 'Bugatti', 'Veyron', '2009', 79),
(44, 'Geo', 'Tracker', '1994', 49),
(45, 'Mercury', 'Monterey', '2007', 50),
(46, 'Cadillac', 'DeVille', '2000', 51),
(47, 'Infiniti', 'QX56', '2011', 24),
(48, 'Toyota', 'Corolla', '2011', 98),
(49, 'Pontiac', 'Grand Prix', '1985', 72),
(50, 'Nissan', 'Rogue', '2009', 34),
(51, 'Lincoln', 'Continental Mark VII', '1986', 81),
(52, 'Dodge', 'Ram Van 2500', '1995', 48),
(53, 'Chevrolet', 'Corvette', '1994', 4),
(54, 'Mazda', 'Protege', '2000', 75),
(55, 'BMW', 'M5', '2000', 2),
(56, 'Hyundai', 'Accent', '2010', 48),
(57, 'Ford', 'F450', '2012', 88),
(58, 'Chevrolet', 'Corvette', '1955', 14),
(59, 'Isuzu', 'Hombre', '1998', 39),
(60, 'Lexus', 'LS', '2008', 21),
(61, 'Mercedes-Benz', 'E-Class', '1991', 96),
(62, 'Suzuki', 'Swift', '1990', 87),
(63, 'Toyota', '4Runner', '2000', 59),
(64, 'Saturn', 'Relay', '2005', 3),
(65, 'Mercedes-Benz', '400E', '1992', 47),
(66, 'Volkswagen', 'Cabriolet', '1997', 20),
(67, 'Chevrolet', 'Corvette', '1997', 40),
(68, 'Honda', 'del Sol', '1997', 19),
(69, 'Ford', 'Crown Victoria', '2006', 81),
(70, 'Ford', 'Taurus', '1988', 52),
(71, 'Volkswagen', 'Cabriolet', '1985', 5),
(72, 'Chrysler', 'New Yorker', '1993', 15),
(73, 'Mazda', 'Tribute', '2009', 95),
(74, 'Subaru', 'Legacy', '2000', 45),
(75, 'Dodge', 'Ram 1500', '1994', 92),
(76, 'Mitsubishi', 'Pajero', '1988', 55),
(77, 'Cadillac', 'Seville', '2002', 25),
(78, 'Ford', 'Freestar', '2006', 42),
(79, 'Chevrolet', 'Impala', '1996', 36),
(80, 'Buick', 'Park Avenue', '2004', 42),
(81, 'Saturn', 'S-Series', '1995', 20),
(82, 'Volvo', 'S80', '2000', 97),
(83, 'Chevrolet', 'Camaro', '1978', 83),
(84, 'Lamborghini', 'Gallardo', '2005', 21),
(85, 'GMC', '2500 Club Coupe', '1992', 66),
(86, 'Lexus', 'GX', '2004', 63),
(87, 'BMW', 'M5', '1992', 45),
(88, 'Plymouth', 'Grand Voyager', '1993', 1),
(89, 'Hyundai', 'Scoupe', '1992', 25),
(90, 'Mazda', 'Familia', '1990', 21),
(91, 'BMW', 'M3', '2001', 51),
(92, 'Toyota', 'Previa', '1996', 5),
(93, 'Infiniti', 'G', '2007', 18),
(94, 'Ford', 'Escort', '1997', 17),
(95, 'Plymouth', 'Neon', '1996', 21),
(96, 'Dodge', 'Ram 3500 Club', '1995', 44),
(97, 'Bentley', 'Continental GT', '2006', 71),
(98, 'Chevrolet', 'Tahoe', '1996', 56),
(99, 'Volkswagen', 'Passat', '2007', 94),
(100, 'Dodge', 'Ram 3500', '2003', 84),
(101, 'Ford', 'Galaxie', '1964', 65),
(102, 'Mazda', 'RX-7', '1992', 75),
(103, 'Isuzu', 'Trooper', '2001', 21),
(104, 'BMW', '7 Series', '2001', 20),
(105, 'Chevrolet', 'Camaro', '2010', 16),
(106, 'Ford', 'Ranger', '2001', 65),
(107, 'Mazda', 'MX-5', '2001', 69),
(108, 'Dodge', 'Caravan', '2009', 64),
(109, 'Infiniti', 'FX', '2010', 1),
(110, 'Ford', 'Econoline E150', '1996', 56),
(111, 'Lincoln', 'Continental Mark VII', '1989', 52),
(112, 'Mazda', 'RX-8', '2009', 66),
(113, 'Lincoln', 'MKX', '2010', 55),
(114, 'Dodge', 'Viper', '2005', 94),
(115, 'Honda', 'Insight', '2000', 13),
(116, 'Mazda', 'Mazda6', '2009', 83),
(117, 'Honda', 'Accord', '1988', 89),
(118, 'Infiniti', 'I', '1998', 35),
(119, 'GMC', 'Yukon', '1995', 82),
(120, 'Daewoo', 'Lanos', '2000', 76),
(121, 'Toyota', 'Tacoma', '1996', 78),
(122, 'Ram', '2500', '2012', 92),
(123, 'Ford', 'Contour', '1996', 8),
(124, 'Mitsubishi', 'Montero', '2001', 69),
(125, 'GMC', 'Vandura 2500', '1992', 21),
(126, 'Ford', 'Thunderbird', '1986', 31),
(127, 'Studebaker', 'Avanti', '1962', 19),
(128, 'GMC', 'Vandura 3500', '1993', 26),
(129, 'Mazda', 'Miata MX-5', '1996', 43),
(130, 'Chevrolet', 'Impala SS', '1994', 14),
(131, 'Acura', 'NSX', '2003', 40),
(132, 'Toyota', 'MR2', '1994', 52),
(133, 'Volkswagen', 'Passat', '1991', 37),
(134, 'Toyota', 'Highlander', '2001', 49),
(135, 'Mitsubishi', 'Outlander', '2009', 24),
(136, 'Hyundai', 'Veracruz', '2007', 68),
(137, 'GMC', 'Savana 2500', '2001', 40),
(138, 'Daihatsu', 'Charade', '1992', 31),
(139, 'Audi', 'Cabriolet', '1994', 68),
(140, 'Mazda', 'Miata MX-5', '1993', 67),
(141, 'Subaru', 'Justy', '1987', 71),
(142, 'Hyundai', 'Tucson', '2008', 18),
(143, 'Saturn', 'S-Series', '1993', 85),
(144, 'Hummer', 'H1', '2004', 75),
(145, 'Suzuki', 'Grand Vitara', '2006', 19),
(146, 'Chrysler', 'Pacifica', '2008', 14),
(147, 'Hummer', 'H1', '1994', 80),
(148, 'BMW', 'Z8', '2002', 65),
(149, 'Subaru', 'Justy', '1987', 23),
(150, 'BMW', 'X6', '2009', 16),
(151, 'Chevrolet', 'Silverado', '2010', 12),
(152, 'Mazda', 'Miata MX-5', '2000', 93),
(153, 'Suzuki', 'Grand Vitara', '2007', 54),
(154, 'Lincoln', 'Continental', '1984', 7),
(155, 'Mitsubishi', 'Outlander', '2010', 83),
(156, 'Ford', 'Bronco II', '1989', 32),
(157, 'Saturn', 'S-Series', '1996', 71),
(158, 'Lexus', 'LS', '2012', 93),
(159, 'Honda', 'Accord', '1999', 81),
(160, 'Lexus', 'ES', '2007', 38),
(161, 'Lexus', 'GS', '2005', 58),
(162, 'Buick', 'Regal', '1997', 75),
(163, 'Volvo', '850', '1994', 40),
(164, 'Chevrolet', 'Blazer', '2005', 24),
(165, 'Dodge', 'Intrepid', '1994', 38),
(166, 'Lincoln', 'LS', '2002', 42),
(167, 'Plymouth', 'Neon', '1996', 3),
(168, 'Lexus', 'SC', '2009', 83),
(169, 'Ford', 'Explorer', '1992', 61),
(170, 'Volkswagen', 'Passat', '1987', 28),
(171, 'Jeep', 'Commander', '2006', 51),
(172, 'Mitsubishi', 'Chariot', '1986', 2),
(173, 'Mercedes-Benz', 'G-Class', '2006', 80),
(174, 'Volkswagen', 'Passat', '2004', 93),
(175, 'Toyota', 'Sienna', '2005', 44),
(176, 'Nissan', 'Quest', '1993', 4),
(177, 'Chevrolet', 'Silverado 2500', '1999', 39),
(178, 'Pontiac', 'Grand Prix', '1979', 15),
(179, 'Pontiac', 'GTO', '2005', 2),
(180, 'Ford', 'E150', '2004', 53),
(181, 'Lexus', 'LS', '2008', 72),
(182, 'Toyota', 'Cressida', '1992', 33),
(183, 'BMW', 'X5', '2012', 9),
(184, 'Lincoln', 'Continental', '1997', 96),
(185, 'Mercedes-Benz', 'E-Class', '2004', 82),
(186, 'Porsche', 'Boxster', '1999', 95),
(187, 'Buick', 'Century', '1997', 50),
(188, 'Infiniti', 'M', '2012', 40),
(189, 'Lexus', 'GX', '2005', 52),
(190, 'Ford', 'Galaxie', '1964', 79),
(191, 'Honda', 'Odyssey', '2004', 51),
(192, 'GMC', 'Savana 2500', '2003', 10),
(193, 'Cadillac', 'Escalade ESV', '2012', 26),
(194, 'Chevrolet', 'G-Series 1500', '1997', 54),
(195, 'Mitsubishi', 'Outlander', '2008', 40),
(196, 'GMC', 'Envoy XL', '2006', 61),
(197, 'Hyundai', 'Tucson', '2009', 5),
(198, 'Dodge', 'Caravan', '2011', 86),
(199, 'Lexus', 'IS', '2008', 63),
(200, 'Dodge', 'Caliber', '2008', 6),
(201, 'Land Rover', 'Defender 110', '1993', 98),
(202, 'Mitsubishi', 'Tredia', '1986', 63),
(203, 'Nissan', 'Pathfinder', '2006', 58),
(204, 'Pontiac', 'Firefly', '1992', 4),
(205, 'Saturn', 'S-Series', '2002', 53),
(206, 'Lincoln', 'MKZ', '2009', 28),
(207, 'Dodge', 'Caravan', '2012', 73),
(208, 'Chevrolet', 'Traverse', '2009', 24),
(209, 'Pontiac', 'Firebird', '1986', 55),
(210, 'GMC', 'Safari', '1995', 72),
(211, 'Toyota', 'Land Cruiser', '1992', 82),
(212, 'Mazda', 'Protege', '1992', 48),
(213, 'Mercedes-Benz', 'CLS-Class', '2008', 25),
(214, 'Ford', 'Crown Victoria', '2007', 98),
(215, 'Pontiac', 'Sunbird', '1989', 62),
(216, 'Mercedes-Benz', 'SL-Class', '1992', 38),
(217, 'Lexus', 'IS', '2008', 5),
(218, 'BMW', '5 Series', '2009', 36),
(219, 'Audi', '5000CS', '1988', 40),
(220, 'Toyota', 'Tacoma', '2000', 33),
(221, 'Dodge', 'D150 Club', '1993', 49),
(222, 'Mitsubishi', 'Eclipse', '1998', 35),
(223, 'Chevrolet', 'Suburban 2500', '2006', 19),
(224, 'MINI', 'Cooper Clubman', '2012', 63),
(225, 'Dodge', 'Ram Wagon B350', '1994', 35),
(226, 'Jeep', 'Cherokee', '2000', 19),
(227, 'Oldsmobile', 'Cutlass', '1997', 71),
(228, 'Lexus', 'HS', '2011', 12),
(229, 'Cadillac', 'Eldorado', '1997', 17),
(230, 'Buick', 'Skylark', '1996', 1),
(231, 'Subaru', 'Leone', '1989', 72),
(232, 'Chevrolet', 'Beretta', '1994', 12),
(233, 'Mercedes-Benz', 'E-Class', '2003', 80),
(234, 'Hyundai', 'Santa Fe', '2010', 4),
(235, 'Chevrolet', 'Camaro', '1982', 84),
(236, 'Toyota', 'Xtra', '1995', 15),
(237, 'Hyundai', 'Entourage', '2007', 95),
(238, 'Porsche', '911', '2009', 60),
(239, 'Eagle', 'Talon', '1996', 35),
(240, 'Ford', 'Escort', '1991', 47),
(241, 'Ford', 'Explorer Sport', '2001', 18),
(242, 'Chevrolet', 'Express 2500', '2002', 5),
(243, 'Subaru', 'XT', '1985', 68),
(244, 'Kia', 'Sorento', '2003', 24),
(245, 'Ford', 'Fiesta', '2013', 84),
(246, 'Saturn', 'S-Series', '1995', 5),
(247, 'Toyota', 'Truck Xtracab SR5', '1989', 46),
(248, 'Infiniti', 'QX', '1997', 69),
(249, 'Dodge', 'Dakota', '1993', 59),
(250, 'Buick', 'Rendezvous', '2005', 28),
(251, 'Lexus', 'LS', '1995', 5),
(252, 'Lincoln', 'Town Car', '1999', 84),
(253, 'Toyota', 'Camry Hybrid', '2011', 71),
(254, 'Toyota', 'Tercel', '1992', 52),
(255, 'Mazda', '929', '1991', 90),
(256, 'Cadillac', 'SRX', '2006', 34),
(257, 'Pontiac', 'Fiero', '1984', 37),
(258, 'Dodge', 'Viper', '2002', 58),
(259, 'Ford', 'Fusion', '2011', 47),
(260, 'Lexus', 'GX', '2009', 25),
(261, 'Suzuki', 'Vitara', '2000', 78),
(262, 'Toyota', 'MR2', '1986', 36),
(263, 'Toyota', 'Venza', '2010', 42),
(264, 'Chevrolet', 'Cavalier', '2004', 97),
(265, 'Pontiac', 'Firebird Formula', '1992', 87),
(266, 'BMW', '3 Series', '2004', 88),
(267, 'Land Rover', 'Range Rover', '2009', 6),
(268, 'BMW', '325', '2006', 92),
(269, 'Lincoln', 'Continental', '1984', 29),
(270, 'Subaru', 'Outback', '2002', 54),
(271, 'Hummer', 'H1', '2006', 24),
(272, 'Spyker', 'C8', '2006', 50),
(273, 'Toyota', 'Camry', '2012', 32),
(274, 'Dodge', 'Dakota', '2010', 15),
(275, 'Mazda', '626', '1986', 91),
(276, 'Plymouth', 'Breeze', '1996', 63),
(277, 'Dodge', 'Ram 1500', '1997', 28),
(278, 'BMW', 'M6', '2007', 43),
(279, 'Nissan', '350Z', '2005', 5),
(280, 'GMC', '2500', '1997', 78),
(281, 'Mercedes-Benz', 'E-Class', '2007', 26),
(282, 'Audi', 'S4', '2009', 34),
(283, 'Acura', 'Legend', '1995', 60),
(284, 'Dodge', 'Stratus', '1998', 18),
(285, 'Ford', 'Tempo', '1991', 31),
(286, 'Bentley', 'Arnage', '2005', 76),
(287, 'Dodge', 'Ram Wagon B150', '1992', 15),
(288, 'Buick', 'Coachbuilder', '1991', 77),
(289, 'Volkswagen', 'Golf', '1976', 9),
(290, 'Chevrolet', 'Suburban', '2009', 7),
(291, 'Lamborghini', 'Murciélago', '2007', 30),
(292, 'Maybach', '62', '2006', 36),
(293, 'Mazda', 'B-Series Plus', '2004', 58),
(294, 'Subaru', 'Legacy', '2001', 80),
(295, 'Chevrolet', 'Uplander', '2005', 39),
(296, 'Infiniti', 'QX', '2006', 2),
(297, 'Volkswagen', 'GTI', '2008', 8),
(298, 'Mercury', 'Capri', '1985', 15),
(299, 'BMW', '5 Series', '1998', 99),
(300, 'Chevrolet', 'Corvette', '1998', 38),
(301, 'Ford', 'Expedition', '2006', 49),
(302, 'Bentley', 'Continental', '2011', 16),
(303, 'Cadillac', 'CTS', '2005', 93),
(304, 'Buick', 'Park Avenue', '2004', 34),
(305, 'Chevrolet', 'Suburban 1500', '2006', 90),
(306, 'Hummer', 'H2', '2005', 48),
(307, 'Land Rover', 'Freelander', '2009', 39),
(308, 'Acura', 'MDX', '2010', 74),
(309, 'Mercedes-Benz', 'SLK-Class', '1997', 43),
(310, 'Pontiac', 'G6', '2010', 60),
(311, 'Nissan', '300ZX', '1993', 16),
(312, 'Chevrolet', 'Camaro', '1972', 88),
(313, 'Chevrolet', 'Astro', '2004', 13),
(314, 'Toyota', 'Tundra', '2008', 6),
(315, 'Nissan', 'JUKE', '2012', 33),
(316, 'Ford', 'E350', '2006', 62),
(317, 'Chevrolet', 'Sportvan G30', '1995', 60),
(318, 'Chevrolet', 'Silverado 1500', '2009', 81),
(319, 'Ford', 'Focus', '2009', 17),
(320, 'Chevrolet', 'Malibu', '2007', 12),
(321, 'Lincoln', 'Navigator L', '2012', 85),
(322, 'Plymouth', 'Voyager', '1995', 45),
(323, 'BMW', 'X5 M', '2011', 29),
(324, 'Land Rover', 'Range Rover', '2010', 9),
(325, 'Nissan', 'Xterra', '2003', 5),
(326, 'Ford', 'F150', '1992', 17),
(327, 'Cadillac', 'Escalade', '2006', 68),
(328, 'Geo', 'Metro', '1994', 85),
(329, 'Nissan', 'Rogue', '2011', 13),
(330, 'Dodge', 'D350', '1992', 60),
(331, 'Ford', 'Escort', '1995', 99),
(332, 'Porsche', 'Cayenne', '2010', 62),
(333, 'Cadillac', 'Escalade ESV', '2009', 28),
(334, 'Ford', 'Escort', '1993', 33),
(335, 'Lexus', 'LX', '2001', 1),
(336, 'Mazda', 'MPV', '1990', 92),
(337, 'Mazda', 'CX-9', '2008', 75),
(338, 'Chevrolet', 'Corvette', '1961', 94),
(339, 'Dodge', 'Ram 2500', '2010', 3),
(340, 'Chevrolet', 'Silverado 2500', '2002', 30),
(341, 'Volvo', 'S40', '2011', 86),
(342, 'Ford', 'Freestar', '2004', 87),
(343, 'Pontiac', 'Tempest', '1967', 26),
(344, 'Pontiac', 'Gemini', '1989', 67),
(345, 'Audi', 'V8', '1990', 68),
(346, 'Suzuki', 'SJ 410', '1984', 20),
(347, 'Dodge', 'Ram 2500 Club', '1998', 10),
(348, 'Maybach', '62', '2005', 49),
(349, 'Ford', 'Econoline E350', '1993', 11),
(350, 'Dodge', 'Ram 3500', '2003', 88),
(351, 'Dodge', 'Durango', '2000', 51),
(352, 'Nissan', 'Altima', '2012', 86),
(353, 'Toyota', 'T100 Xtra', '1995', 94),
(354, 'Mazda', 'MPV', '2004', 4),
(355, 'Mazda', 'Protege', '1999', 75),
(356, 'Porsche', '911', '1993', 41),
(357, 'Plymouth', 'Sundance', '1993', 20),
(358, 'Volvo', 'XC70', '2012', 77),
(359, 'Dodge', 'Dynasty', '1992', 3),
(360, 'Mitsubishi', 'Galant', '2006', 84),
(361, 'GMC', 'Acadia', '2011', 46),
(362, 'Hyundai', 'Tucson', '2011', 33),
(363, 'Porsche', 'Cayman', '2012', 48),
(364, 'Kia', 'Sephia', '2001', 99),
(365, 'Dodge', 'Grand Caravan', '1992', 26),
(366, 'Audi', 'R8', '2010', 56),
(367, 'Pontiac', 'Grand Am', '2004', 87),
(368, 'Mercury', 'Sable', '2002', 35),
(369, 'Subaru', 'Tribeca', '2009', 81),
(370, 'Chevrolet', 'Corvette', '1954', 71),
(371, 'BMW', 'M5', '2007', 61),
(372, 'Ford', 'Excursion', '2002', 83),
(373, 'BMW', 'X6', '2008', 54),
(374, 'Rambler', 'Classic', '1963', 9),
(375, 'Chevrolet', 'S10', '1998', 80),
(376, 'Chevrolet', 'Camaro', '1978', 84),
(377, 'Shelby', 'GT350', '1969', 88),
(378, 'Mitsubishi', 'Mirage', '1988', 53),
(379, 'Jeep', 'Commander', '2007', 51),
(380, 'Isuzu', 'Amigo', '1998', 96),
(381, 'Dodge', 'Shadow', '1994', 7),
(382, 'Toyota', 'Venza', '2012', 97),
(383, 'Plymouth', 'Colt', '1994', 43),
(384, 'GMC', 'Yukon', '1994', 14),
(385, 'Ford', 'Club Wagon', '1998', 3),
(386, 'Toyota', 'Celica', '2001', 36),
(387, 'Honda', 'Civic', '2001', 51),
(388, 'Kia', 'Rondo', '2007', 58),
(389, 'Mitsubishi', 'Galant', '2008', 72),
(390, 'Ford', 'Taurus', '1996', 65),
(391, 'Buick', 'Enclave', '2010', 21),
(392, 'Toyota', 'Tercel', '1995', 84),
(393, 'Kia', 'Soul', '2012', 59),
(394, 'Subaru', 'Impreza', '2006', 67),
(395, 'Lexus', 'GX', '2009', 43),
(396, 'GMC', 'Sierra 1500', '2000', 14),
(397, 'Isuzu', 'Rodeo', '1997', 14),
(398, 'Lincoln', 'LS', '2000', 49),
(399, 'Nissan', 'Sentra', '1991', 79),
(400, 'Hyundai', 'Veloster', '2013', 77),
(401, 'Chevrolet', 'Express 2500', '1996', 75),
(402, 'Ford', 'Thunderbird', '1955', 62),
(403, 'Mazda', 'B-Series', '1987', 5),
(404, 'Dodge', 'Stealth', '1993', 58),
(405, 'Volkswagen', 'GTI', '2005', 54),
(406, 'Hyundai', 'Sonata', '2004', 82),
(407, 'Volkswagen', 'GTI', '1998', 95),
(408, 'Ford', 'Tempo', '1988', 49),
(409, 'Mercedes-Benz', 'M-Class', '2010', 71),
(410, 'Chevrolet', 'Suburban', '2009', 86),
(411, 'Chevrolet', 'G-Series 2500', '1997', 36),
(412, 'Audi', 'A8', '2001', 63),
(413, 'Hyundai', 'Genesis Coupe', '2010', 93),
(414, 'Audi', 'A4', '2009', 62),
(415, 'Volkswagen', 'Golf', '2002', 70),
(416, 'Mazda', 'Familia', '1985', 17),
(417, 'Suzuki', 'Swift', '2004', 23),
(418, 'Hyundai', 'Azera', '2008', 38),
(419, 'Honda', 'Accord', '2011', 82),
(420, 'Saturn', 'S-Series', '2000', 24),
(421, 'Ford', 'Thunderbird', '2004', 12),
(422, 'Audi', '5000CS', '1988', 59),
(423, 'Chevrolet', 'Caprice', '1994', 50),
(424, 'Dodge', 'Viper', '1998', 34),
(425, 'Maserati', 'Coupe', '2006', 88),
(426, 'Dodge', 'Durango', '1999', 55),
(427, 'Volvo', 'C70', '2001', 59),
(428, 'Toyota', 'Tacoma', '1999', 63),
(429, 'Chevrolet', 'Avalanche 1500', '2002', 33),
(430, 'GMC', 'Sierra 3500', '2001', 34),
(431, 'Ford', 'EXP', '1987', 16),
(432, 'Ford', 'F350', '2004', 52),
(433, 'Dodge', 'Stratus', '2001', 69),
(434, 'Infiniti', 'M', '2006', 14),
(435, 'Mazda', 'Tribute', '2008', 72),
(436, 'Ford', 'E-Series', '2002', 34),
(437, 'Mitsubishi', 'Pajero', '1990', 87),
(438, 'Mercury', 'Villager', '1995', 71),
(439, 'Dodge', 'Viper', '2008', 58),
(440, 'Saturn', 'Relay', '2007', 64),
(441, 'Mitsubishi', 'Eclipse', '2005', 20),
(442, 'Mazda', 'Mazda6', '2008', 22),
(443, 'Mercedes-Benz', 'S-Class', '2011', 8),
(444, 'Nissan', 'Frontier', '2002', 38),
(445, 'Acura', 'TL', '2008', 99),
(446, 'Ford', 'Crown Victoria', '1993', 36),
(447, 'GMC', 'Envoy', '2003', 55),
(448, 'BMW', 'M3', '1995', 88),
(449, 'Oldsmobile', 'Cutlass Cruiser', '1994', 81),
(450, 'Cadillac', 'Seville', '2000', 47),
(451, 'Mercury', 'Tracer', '1992', 65),
(452, 'Plymouth', 'Grand Voyager', '1993', 97),
(453, 'Oldsmobile', 'Aurora', '2002', 76),
(454, 'Ford', 'Excursion', '2003', 79),
(455, 'Plymouth', 'Grand Voyager', '1992', 35),
(456, 'Maserati', 'Spyder', '2002', 66),
(457, 'Pontiac', 'Sunfire', '1995', 44),
(458, 'Audi', 'Q5', '2012', 44),
(459, 'Audi', 'A3', '2009', 78),
(460, 'Ford', 'Bronco', '1994', 91),
(461, 'Jaguar', 'X-Type', '2005', 92),
(462, 'Saab', '9-2X', '2005', 28),
(463, 'Mitsubishi', 'Lancer Evolution', '2010', 49),
(464, 'Ford', 'F250', '2006', 99),
(465, 'Audi', 'A4', '2012', 97),
(466, 'Hyundai', 'Accent', '2002', 62),
(467, 'Lexus', 'SC', '2005', 88),
(468, 'Volvo', 'S40', '2011', 69),
(469, 'Volkswagen', 'Type 2', '1991', 83),
(470, 'Pontiac', 'Grand Prix', '2000', 67),
(471, 'Chevrolet', '3500', '1993', 71),
(472, 'Kia', 'Soul', '2012', 36),
(473, 'Infiniti', 'FX', '2005', 57),
(474, 'Bentley', 'Continental', '2008', 21),
(475, 'Oldsmobile', 'Silhouette', '2001', 80),
(476, 'Mitsubishi', 'Challenger', '1999', 31),
(477, 'Jaguar', 'XK Series', '2003', 52),
(478, 'Chrysler', 'Concorde', '1994', 8),
(479, 'Mazda', 'Miata MX-5', '2005', 12),
(480, 'Nissan', 'GT-R', '2013', 20),
(481, 'Pontiac', 'LeMans', '1968', 23),
(482, 'Mitsubishi', 'L300', '1987', 68),
(483, 'Subaru', 'Legacy', '1994', 37),
(484, 'Ford', 'Escort', '2004', 90),
(485, 'Ford', 'Ranger', '1986', 94),
(486, 'Pontiac', 'Sunbird', '1984', 4),
(487, 'Honda', 'Accord', '2001', 80),
(488, 'Volkswagen', 'GTI', '1997', 91),
(489, 'Volvo', 'XC70', '2003', 26),
(490, 'Mazda', '626', '1998', 97),
(491, 'Chevrolet', 'Cobalt SS', '2007', 45),
(492, 'Mazda', 'MX-6', '1990', 36),
(493, 'Mercedes-Benz', 'M-Class', '2002', 5),
(494, 'Dodge', 'Colt', '1993', 21),
(495, 'Mercedes-Benz', 'SL-Class', '1985', 68),
(496, 'Volkswagen', 'Passat', '2010', 91),
(497, 'Lexus', 'SC', '2005', 7),
(498, 'Jeep', 'Grand Cherokee', '2002', 98),
(499, 'Toyota', 'Echo', '2001', 52),
(500, 'GMC', 'Savana 2500', '1998', 78),
(501, 'Cadillac', 'Catera', '1999', 21),
(502, 'Toyota', 'Corolla', '2012', 66),
(503, 'Honda', 'Accord', '1993', 58),
(504, 'GMC', 'Sierra 2500', '2007', 76),
(505, 'Ford', 'E-Series', '1988', 70),
(506, 'BMW', 'M6', '2010', 28),
(507, 'Subaru', 'SVX', '1995', 54),
(508, 'Volvo', '240', '1992', 80),
(509, 'Volvo', 'S40', '2008', 62),
(510, 'Toyota', 'Echo', '2003', 56),
(511, 'Saturn', 'Outlook', '2009', 73),
(512, 'Chevrolet', 'Camaro', '2010', 76),
(513, 'Saturn', 'S-Series', '1993', 39),
(514, 'Mercedes-Benz', 'S-Class', '2007', 91),
(515, 'Kia', 'Optima', '2012', 63),
(516, 'Mercury', 'Grand Marquis', '1991', 7),
(517, 'Nissan', 'Xterra', '2010', 40),
(518, 'Audi', 'A4', '1999', 41),
(519, 'Lexus', 'RX Hybrid', '2007', 73),
(520, 'Ford', 'Thunderbird', '1983', 49),
(521, 'Ford', 'Ranger', '1993', 40),
(522, 'Ford', 'Escape', '2011', 25),
(523, 'BMW', '5 Series', '2002', 49),
(524, 'Chevrolet', 'Suburban 1500', '1996', 16),
(525, 'Hummer', 'H1', '1994', 20),
(526, 'Infiniti', 'M', '2006', 57),
(527, 'Cadillac', 'Eldorado', '2002', 82),
(528, 'Toyota', 'Yaris', '2008', 46),
(529, 'Mercury', 'Sable', '1987', 12),
(530, 'Mitsubishi', 'Lancer', '2005', 72),
(531, 'Mercury', 'Cougar', '1987', 46),
(532, 'Jeep', 'Compass', '2007', 86),
(533, 'Cadillac', 'STS-V', '2008', 17),
(534, 'Pontiac', 'Bonneville', '1986', 9),
(535, 'Plymouth', 'Breeze', '1999', 57),
(536, 'Suzuki', 'Samurai', '1995', 34),
(537, 'Isuzu', 'Rodeo Sport', '2002', 66),
(538, 'Dodge', 'Caliber', '2012', 48),
(539, 'Mazda', 'MX-5', '2011', 95),
(540, 'Ford', 'Econoline E150', '2000', 41),
(541, 'Ferrari', 'F430', '2009', 82),
(542, 'Oldsmobile', 'Cutlass Supreme', '1996', 29),
(543, 'Hummer', 'H2', '2006', 5),
(544, 'Toyota', 'RAV4', '1996', 23),
(545, 'Ford', 'Ranger', '1993', 55),
(546, 'Chevrolet', 'Lumina', '1994', 43),
(547, 'Volvo', 'V70', '2006', 85),
(548, 'Volvo', 'S60', '2013', 28),
(549, 'Buick', 'Skylark', '1988', 56),
(550, 'Toyota', 'Camry', '2011', 4),
(551, 'BMW', '8 Series', '1993', 91),
(552, 'Ford', 'Taurus', '1988', 77),
(553, 'Mitsubishi', 'Challenger', '2002', 61),
(554, 'Audi', 'V8', '1990', 17),
(555, 'Mitsubishi', 'Challenger', '2002', 78),
(556, 'Cadillac', 'CTS', '2003', 67),
(557, 'BMW', 'Z4 M', '2007', 33),
(558, 'Volkswagen', 'GLI', '2009', 36),
(559, 'Chevrolet', 'Astro', '2005', 18),
(560, 'Dodge', 'Neon', '1996', 27),
(561, 'Plymouth', 'Grand Voyager', '2000', 19),
(562, 'Nissan', 'Frontier', '2010', 22),
(563, 'Chevrolet', 'Beretta', '1995', 5),
(564, 'Buick', 'Enclave', '2010', 59),
(565, 'Ford', 'E-Series', '1992', 96),
(566, 'Buick', 'Regal', '2002', 10),
(567, 'Mitsubishi', 'Challenger', '2003', 25),
(568, 'Oldsmobile', '98', '1996', 49),
(569, 'Chevrolet', 'Astro', '2004', 23),
(570, 'Subaru', 'Loyale', '1991', 11),
(571, 'Ford', 'Crown Victoria', '2006', 55),
(572, 'Oldsmobile', '98', '1992', 41),
(573, 'Volvo', '960', '1992', 25),
(574, 'Chevrolet', 'TrailBlazer', '2005', 50),
(575, 'Acura', 'TL', '2005', 54),
(576, 'Honda', 'Insight', '2003', 27),
(577, 'Oldsmobile', 'Silhouette', '1992', 40),
(578, 'Mercedes-Benz', 'R-Class', '2012', 28),
(579, 'Buick', 'Regal', '2002', 11),
(580, 'Buick', 'Coachbuilder', '1994', 48),
(581, 'Land Rover', 'Discovery Series II', '2000', 77),
(582, 'Dodge', 'Ram 2500 Club', '1995', 75),
(583, 'Chevrolet', 'HHR', '2010', 47),
(584, 'Acura', 'RSX', '2006', 99),
(585, 'Plymouth', 'Grand Voyager', '1999', 3),
(586, 'Audi', '100', '1989', 75),
(587, 'GMC', '3500', '1993', 46),
(588, 'Ford', 'Bronco II', '1985', 23),
(589, 'Ford', 'F-Series', '2003', 65),
(590, 'Chevrolet', 'Malibu', '2008', 36),
(591, 'Oldsmobile', 'Alero', '1999', 60),
(592, 'Nissan', 'Frontier', '2003', 73),
(593, 'Ford', 'E350', '2012', 46),
(594, 'Audi', '80', '1991', 51),
(595, 'Mercedes-Benz', 'E-Class', '1996', 31),
(596, 'Chevrolet', 'Astro', '1992', 86),
(597, 'Jeep', 'Wrangler', '2002', 93),
(598, 'Volvo', 'S90', '1998', 91),
(599, 'Buick', 'Century', '1990', 44),
(600, 'Subaru', 'Leone', '1987', 28),
(601, 'Volkswagen', 'Scirocco', '1986', 48),
(602, 'GMC', 'Vandura G3500', '1996', 15),
(603, 'Dodge', 'Ram', '2010', 86),
(604, 'Acura', 'NSX', '2004', 51),
(605, 'Porsche', 'Boxster', '2006', 10),
(606, 'Mercury', 'Mariner', '2006', 97),
(607, 'Saab', '9-2X', '2005', 89),
(608, 'Pontiac', 'Grand Prix', '1963', 76),
(609, 'Audi', 'S4', '2004', 25),
(610, 'Ford', 'F-Series Super Duty', '2012', 72),
(611, 'Pontiac', 'Trans Sport', '1997', 51),
(612, 'Toyota', 'Tundra', '2001', 73),
(613, 'Honda', 'Civic', '1998', 95),
(614, 'Chrysler', 'Prowler', '2002', 27),
(615, 'Pontiac', 'Sunbird', '1987', 18),
(616, 'Mercury', 'Tracer', '1991', 19),
(617, 'Dodge', 'Ram 3500', '2005', 41),
(618, 'Land Rover', 'Range Rover', '1993', 65),
(619, 'Nissan', 'Murano', '2010', 97),
(620, 'Audi', 'riolet', '1995', 31),
(621, 'Lexus', 'LS', '2010', 40),
(622, 'Lincoln', 'Mark VIII', '1994', 27),
(623, 'Dodge', 'Charger', '1968', 78),
(624, 'Mazda', 'MX-5', '2006', 62),
(625, 'Mercedes-Benz', 'E-Class', '1984', 23),
(626, 'Audi', 'A6', '2001', 17),
(627, 'Ford', 'E150', '2004', 15),
(628, 'Lotus', 'Esprit', '2003', 90),
(629, 'Buick', 'LaCrosse', '2009', 66),
(630, 'Chevrolet', 'Traverse', '2010', 9),
(631, 'Ford', 'Edge', '2010', 43),
(632, 'Ford', 'Taurus', '1989', 42),
(633, 'BMW', 'Z8', '2002', 56),
(634, 'Isuzu', 'Space', '1992', 51),
(635, 'Plymouth', 'Voyager', '1998', 87),
(636, 'Ford', 'F250', '1994', 3),
(637, 'Ford', 'E250', '2004', 12),
(638, 'Nissan', 'Maxima', '1997', 70),
(639, 'Kia', 'Sedona', '2004', 35),
(640, 'Lamborghini', 'Diablo', '1995', 66),
(641, 'Ford', 'Th!nk', '2000', 33),
(642, 'Ford', 'Crown Victoria', '1996', 65),
(643, 'Pontiac', 'GTO', '1972', 77),
(644, 'Toyota', 'T100 Xtra', '1996', 60),
(645, 'Chevrolet', 'Silverado 1500', '2006', 71),
(646, 'Lamborghini', 'Gallardo', '2005', 78),
(647, 'Mercedes-Benz', 'SLK-Class', '2002', 5),
(648, 'Subaru', 'Baja', '2005', 44),
(649, 'Saab', '900', '1999', 5),
(650, 'Lincoln', 'Navigator', '2009', 98),
(651, 'Honda', 'Odyssey', '1995', 95),
(652, 'Chevrolet', 'Monte Carlo', '1996', 28),
(653, 'Ford', 'Taurus X', '2009', 74),
(654, 'Chrysler', 'Town & Country', '2005', 50),
(655, 'Porsche', 'Cayman', '2011', 44),
(656, 'Porsche', '911', '2012', 25),
(657, 'Ford', 'Probe', '1989', 64),
(658, 'Toyota', 'Camry Hybrid', '2012', 6),
(659, 'GMC', 'Sierra 3500', '2004', 27),
(660, 'Honda', 'S2000', '2009', 87),
(661, 'Toyota', 'Land Cruiser', '2004', 18),
(662, 'Pontiac', 'GTO', '1974', 30),
(663, 'GMC', 'Rally Wagon 3500', '1992', 57),
(664, 'Subaru', 'Impreza', '2009', 19),
(665, 'Jaguar', 'XJ Series', '1998', 14),
(666, 'Mazda', 'Familia', '1990', 76),
(667, 'GMC', 'Safari', '1993', 98),
(668, 'Pontiac', 'Grand Prix', '2007', 41),
(669, 'Buick', 'Skylark', '1988', 35),
(670, 'Ford', 'Mustang', '2010', 7),
(671, 'Dodge', 'Ram 3500 Club', '1997', 80),
(672, 'Ford', 'ZX2', '2003', 88),
(673, 'Mercedes-Benz', 'CLK-Class', '2004', 85),
(674, 'Mitsubishi', 'Starion', '1987', 47),
(675, 'Pontiac', 'Firebird', '2000', 78),
(676, 'Volkswagen', 'Cabriolet', '2001', 93),
(677, 'Volkswagen', 'R32', '2009', 74),
(678, 'Mercedes-Benz', 'M-Class', '2007', 37),
(679, 'Jeep', 'Grand Cherokee', '1999', 34),
(680, 'Ford', 'Explorer Sport Trac', '2007', 75),
(681, 'Isuzu', 'Rodeo Sport', '2002', 11),
(682, 'BMW', '530', '2006', 94),
(683, 'Nissan', 'Maxima', '2004', 41),
(684, 'Pontiac', 'GTO', '1966', 40),
(685, 'Volvo', 'S80', '2006', 30),
(686, 'Pontiac', 'Vibe', '2006', 81),
(687, 'Ford', 'F-Series', '2002', 95),
(688, 'Audi', 'TT', '2011', 2),
(689, 'BMW', '325', '2004', 11),
(690, 'Land Rover', 'LR2', '2011', 48),
(691, 'Mitsubishi', 'Outlander', '2008', 1),
(692, 'Mercedes-Benz', 'SLK-Class', '2001', 26),
(693, 'Chevrolet', 'Silverado 2500', '2002', 32),
(694, 'Audi', 'A6', '2009', 95),
(695, 'Mazda', 'Mazda6', '2009', 94),
(696, 'Toyota', 'Land Cruiser', '1995', 65),
(697, 'Oldsmobile', 'Aurora', '2003', 23),
(698, 'Cadillac', 'CTS-V', '2012', 33),
(699, 'Audi', 'Coupe GT', '1987', 69),
(700, 'GMC', '1500 Club Coupe', '1996', 21),
(701, 'Pontiac', 'G8', '2008', 95),
(702, 'Mazda', '929', '1995', 18),
(703, 'Toyota', 'Land Cruiser', '2010', 90),
(704, 'GMC', 'Savana 1500', '1996', 75),
(705, 'Toyota', 'Venza', '2013', 65),
(706, 'Dodge', 'Ram 3500', '2009', 39),
(707, 'Hummer', 'H3', '2010', 27),
(708, 'Chevrolet', 'Prizm', '2002', 96),
(709, 'Honda', 'del Sol', '1997', 23),
(710, 'Ford', 'E350', '2007', 25),
(711, 'Mazda', 'Mazdaspeed 3', '2010', 55),
(712, 'Chevrolet', 'Express 2500', '2012', 40),
(713, 'Ford', 'Ranger', '1995', 57),
(714, 'Jeep', 'Comanche', '1992', 84),
(715, 'Ford', 'Escape', '2004', 52),
(716, 'Saab', '9000', '1990', 6),
(717, 'Mitsubishi', 'Lancer Evolution', '2008', 81),
(718, 'Dodge', 'Shadow', '1992', 90),
(719, 'Chevrolet', 'Impala', '2006', 41),
(720, 'Dodge', 'Ram Wagon B250', '1992', 73),
(721, 'Acura', 'TL', '2006', 51),
(722, 'Kia', 'Sportage', '2010', 85),
(723, 'Land Rover', 'Defender 90', '1997', 48),
(724, 'Suzuki', 'Grand Vitara', '2000', 79),
(725, 'Ford', 'Crown Victoria', '1992', 35),
(726, 'Chevrolet', 'SSR', '2005', 14),
(727, 'Mercury', 'Villager', '2001', 92),
(728, 'Toyota', 'Sienna', '2011', 18),
(729, 'Infiniti', 'G37', '2008', 30),
(730, 'Mazda', 'MX-6', '1996', 89),
(731, 'Cadillac', 'Seville', '1999', 47),
(732, 'Mitsubishi', 'GTO', '1999', 68),
(733, 'Audi', 'Q5', '2011', 37),
(734, 'Chevrolet', 'Sportvan G20', '1994', 79),
(735, 'GMC', 'Savana 3500', '2009', 99),
(736, 'Ford', 'Mustang', '2002', 21),
(737, 'Kia', 'Sorento', '2006', 74),
(738, 'Ford', 'Excursion', '2002', 50),
(739, 'Jeep', 'Wrangler', '2009', 93),
(740, 'Chevrolet', 'Caprice Classic', '1996', 67),
(741, 'Lexus', 'RX', '2008', 38),
(742, 'Nissan', 'GT-R', '2012', 10),
(743, 'GMC', 'Sierra 2500', '2004', 29),
(744, 'Ford', 'Ranger', '2003', 1),
(745, 'Dodge', 'Ram Wagon B350', '1992', 70),
(746, 'Dodge', 'Colt', '1992', 99),
(747, 'Suzuki', 'XL-7', '2002', 95),
(748, 'Mazda', 'Miata MX-5', '1997', 76),
(749, 'Audi', 'A8', '2007', 92),
(750, 'Toyota', 'T100 Xtra', '1995', 30),
(751, 'Toyota', 'Sequoia', '2006', 26),
(752, 'Toyota', 'Land Cruiser', '2013', 32),
(753, 'Chevrolet', 'Corvette', '2002', 34),
(754, 'GMC', 'Suburban 2500', '1996', 55),
(755, 'Ford', 'F-350 Super Duty', '2006', 44),
(756, 'Aston Martin', 'V12 Vantage', '2011', 61),
(757, 'Land Rover', 'LR2', '2008', 40),
(758, 'Aptera', 'Type-1h', '2010', 49),
(759, 'GMC', '2500', '1993', 45),
(760, 'Scion', 'tC', '2011', 16),
(761, 'Ford', 'Excursion', '2003', 89),
(762, 'Volvo', 'S60', '2002', 75),
(763, 'Cadillac', 'STS', '2009', 9),
(764, 'BMW', '3 Series', '1996', 63),
(765, 'Ford', 'Transit Connect', '2013', 23),
(766, 'Chevrolet', 'Colorado', '2004', 44),
(767, 'Dodge', 'Ram 3500', '2001', 83),
(768, 'Toyota', 'Tundra', '2004', 8),
(769, 'Toyota', 'Corolla', '2002', 22),
(770, 'Toyota', 'Echo', '2004', 36),
(771, 'Suzuki', 'Forenza', '2006', 73),
(772, 'GMC', '3500', '1995', 82),
(773, 'Lincoln', 'Town Car', '1998', 41),
(774, 'Ford', 'F150', '1992', 3),
(775, 'Chevrolet', 'Silverado 2500', '2010', 26),
(776, 'Mazda', 'MX-5', '1990', 91),
(777, 'Chevrolet', 'Venture', '2001', 88),
(778, 'Mitsubishi', 'Mirage', '1988', 7),
(779, 'Chrysler', 'Sebring', '2004', 87),
(780, 'Porsche', 'Cayenne', '2012', 34),
(781, 'Volkswagen', 'Golf', '1984', 28),
(782, 'Toyota', 'Tundra', '2002', 78),
(783, 'Subaru', 'Brat', '1987', 19),
(784, 'Ford', 'Fairlane', '1967', 43),
(785, 'Mitsubishi', 'Truck', '1992', 47),
(786, 'GMC', 'Sonoma', '1996', 70),
(787, 'Chevrolet', 'Prizm', '2000', 42),
(788, 'GMC', 'Sierra 3500', '2011', 29),
(789, 'Mazda', 'B-Series', '2002', 29),
(790, 'Lincoln', 'MKZ', '2011', 93),
(791, 'Dodge', 'Ram', '2007', 30),
(792, 'Land Rover', 'Range Rover', '2010', 87),
(793, 'Kia', 'Rio', '2010', 89),
(794, 'BMW', 'M Roadster', '2006', 62),
(795, 'Dodge', 'Ram 2500', '1998', 9),
(796, 'Ford', 'Club Wagon', '1994', 23),
(797, 'Infiniti', 'G35', '2008', 20),
(798, 'Ford', 'Focus ST', '2013', 68),
(799, 'Mitsubishi', 'Challenger', '2000', 76),
(800, 'GMC', 'Sierra', '2012', 35),
(801, 'Lexus', 'ES', '2009', 88),
(802, 'Toyota', 'Avalon', '2005', 51),
(803, 'Ford', 'Focus', '2003', 76),
(804, 'Land Rover', 'Range Rover', '1997', 48),
(805, 'Pontiac', 'Grand Am', '1999', 17),
(806, 'Infiniti', 'FX', '2009', 12),
(807, 'Nissan', '370Z', '2011', 71),
(808, 'GMC', 'Sonoma', '1992', 10),
(809, 'Chevrolet', 'Prizm', '1999', 19),
(810, 'Mazda', 'B-Series Plus', '1995', 95),
(811, 'Pontiac', 'Bonneville', '1997', 3),
(812, 'Rolls-Royce', 'Phantom', '2013', 69),
(813, 'Volvo', '850', '1993', 80),
(814, 'GMC', 'Sonoma', '2000', 94),
(815, 'Mercury', 'Cougar', '2002', 89),
(816, 'Chevrolet', 'Prizm', '2002', 83),
(817, 'Audi', '100', '1994', 10),
(818, 'Volkswagen', 'GTI', '2012', 91),
(819, 'Aston Martin', 'Rapide', '2011', 97),
(820, 'Acura', 'TL', '2003', 62),
(821, 'Dodge', 'Ram 2500', '1996', 18),
(822, 'Ferrari', '458 Italia', '2012', 58),
(823, 'Hyundai', 'Santa Fe', '2009', 50),
(824, 'Ford', 'Explorer', '2012', 10),
(825, 'Buick', 'Riviera', '1997', 10),
(826, 'Chevrolet', 'Suburban', '2007', 83),
(827, 'Mercury', 'Sable', '1996', 56),
(828, 'Mercedes-Benz', 'C-Class', '2007', 18),
(829, 'Toyota', 'RAV4', '1996', 24),
(830, 'Nissan', 'Frontier', '1999', 49),
(831, 'Subaru', 'Loyale', '1991', 43),
(832, 'Subaru', 'Outback', '2007', 26),
(833, 'Saturn', 'Relay', '2005', 48),
(834, 'Ford', 'Escort', '1994', 19),
(835, 'Chevrolet', 'Avalanche', '2007', 9),
(836, 'Ford', 'E-Series', '2006', 66),
(837, 'Audi', 'R8', '2010', 5),
(838, 'Ford', 'F-Series Super Duty', '2011', 98),
(839, 'Lincoln', 'MKX', '2012', 75),
(840, 'Nissan', 'Xterra', '2004', 69),
(841, 'Ford', 'Contour', '2000', 24),
(842, 'Kia', 'Sportage', '1997', 37),
(843, 'Oldsmobile', 'Silhouette', '2001', 59),
(844, 'Volvo', 'XC70', '2010', 51),
(845, 'Lincoln', 'Continental', '1991', 45),
(846, 'Nissan', '370Z', '2012', 93),
(847, 'Ford', 'LTD Crown Victoria', '1989', 38),
(848, 'Volkswagen', 'Scirocco', '1985', 98),
(849, 'Mercury', 'Grand Marquis', '2003', 11),
(850, 'Mercedes-Benz', 'S-Class', '1995', 72),
(851, 'Mercedes-Benz', 'G-Class', '2003', 88),
(852, 'Volkswagen', 'Tiguan', '2011', 93),
(853, 'GMC', '3500', '1994', 38),
(854, 'Chrysler', 'Concorde', '2001', 38),
(855, 'Volvo', 'S80', '1999', 85),
(856, 'Chevrolet', 'Corvette', '2001', 5),
(857, 'Mazda', 'CX-9', '2008', 55),
(858, 'Bentley', 'Continental GT', '2012', 37),
(859, 'Ferrari', '612 Scaglietti', '2008', 97),
(860, 'Dodge', 'Dynasty', '1993', 72),
(861, 'Kia', 'Carens', '2008', 79),
(862, 'Lexus', 'SC', '2007', 9),
(863, 'Ford', 'Thunderbird', '1980', 74),
(864, 'Audi', 'Q7', '2010', 64),
(865, 'Pontiac', 'Grand Prix', '1983', 79),
(866, 'Toyota', 'Tundra', '2000', 93),
(867, 'Cadillac', 'DeVille', '2003', 62),
(868, 'Nissan', 'Altima', '2011', 66),
(869, 'Acura', 'NSX', '2003', 7),
(870, 'Ford', 'Mustang', '1987', 52),
(871, 'Nissan', 'Pathfinder', '2001', 11),
(872, 'Lotus', 'Elise', '2009', 83),
(873, 'Chrysler', 'Sebring', '2007', 19),
(874, 'Chevrolet', 'Silverado', '2011', 49),
(875, 'Audi', 'TT', '2002', 41),
(876, 'Lincoln', 'Navigator L', '2007', 4),
(877, 'Smart', 'Fortwo', '2010', 85),
(878, 'Lexus', 'GX', '2008', 22),
(879, 'Dodge', 'Ram Van 3500', '1995', 60),
(880, 'Mitsubishi', 'Raider', '2006', 19),
(881, 'Toyota', 'Xtra', '1992', 18),
(882, 'Mercury', 'Monterey', '2005', 49),
(883, 'Hyundai', 'Sonata', '2009', 77),
(884, 'Audi', 'S4', '2004', 34),
(885, 'Subaru', 'Forester', '2008', 28),
(886, 'Mazda', 'RX-8', '2007', 60),
(887, 'Dodge', 'D350', '1992', 70),
(888, 'Dodge', 'Viper', '2002', 96),
(889, 'GMC', 'Yukon XL 2500', '2010', 95),
(890, 'Ford', 'Taurus', '1993', 67),
(891, 'Ford', 'Laser', '1988', 32),
(892, 'Subaru', 'Legacy', '2003', 60),
(893, 'BMW', 'M', '2000', 24),
(894, 'BMW', 'M5', '2001', 78),
(895, 'Infiniti', 'M', '2007', 75),
(896, 'Mitsubishi', 'RVR', '1993', 58),
(897, 'Mercedes-Benz', '300SL', '1993', 43),
(898, 'Buick', 'Reatta', '1990', 40),
(899, 'Volkswagen', 'Cabriolet', '1990', 16),
(900, 'Ford', 'GT', '2006', 96),
(901, 'Toyota', 'Xtra', '1992', 92),
(902, 'Lexus', 'ES', '2005', 73),
(903, 'Honda', 'Civic', '1985', 54),
(904, 'Volkswagen', 'GTI', '2010', 50),
(905, 'Buick', 'Riviera', '1997', 14),
(906, 'Mercedes-Benz', 'R-Class', '2007', 85),
(907, 'Mazda', '929', '1987', 2),
(908, 'Hyundai', 'Elantra', '2005', 27),
(909, 'Hummer', 'H3', '2006', 38),
(910, 'Lexus', 'RX', '1999', 66),
(911, 'Volvo', 'S60', '2003', 9),
(912, 'Mercedes-Benz', 'E-Class', '2002', 94),
(913, 'Audi', 'A4', '2000', 91),
(914, 'Mazda', 'Mazdaspeed 3', '2008', 92),
(915, 'Toyota', 'Camry', '2009', 90),
(916, 'Jaguar', 'XK', '2010', 44),
(917, 'GMC', 'Savana 2500', '2012', 30),
(918, 'Oldsmobile', 'Achieva', '1996', 56),
(919, 'Infiniti', 'G', '2002', 59),
(920, 'Infiniti', 'J', '1995', 12),
(921, 'Lotus', 'Elan', '1991', 92),
(922, 'Cadillac', 'Seville', '1993', 42),
(923, 'Ford', 'E350', '2005', 88),
(924, 'Lincoln', 'Navigator', '2008', 71),
(925, 'GMC', 'Suburban 2500', '1994', 22),
(926, 'Daihatsu', 'Rocky', '1992', 10),
(927, 'Jeep', 'Patriot', '2008', 59),
(928, 'Bentley', 'Mulsanne', '2012', 51),
(929, 'Chevrolet', 'Malibu', '2005', 66),
(930, 'Ford', 'Mustang', '1968', 92),
(931, 'Volvo', 'S40', '2007', 53),
(932, 'Chevrolet', 'Impala', '1994', 43),
(933, 'Chevrolet', 'Corvette', '1966', 59),
(934, 'Ford', 'Ranger', '2005', 78),
(935, 'Buick', 'Lucerne', '2007', 62),
(936, 'Mercedes-Benz', 'M-Class', '1998', 88),
(937, 'Chrysler', 'Fifth Ave', '1993', 7),
(938, 'Toyota', 'Ipsum', '2000', 62),
(939, 'Nissan', 'Pathfinder', '1993', 28),
(940, 'Ford', 'E250', '2010', 64),
(941, 'Chrysler', '200', '2012', 55),
(942, 'Nissan', 'Murano', '2004', 61),
(943, 'Dodge', 'Ram', '2003', 22),
(944, 'Toyota', 'Avalon', '1997', 57),
(945, 'Chevrolet', 'Sportvan G20', '1992', 87),
(946, 'Chevrolet', 'Caprice', '1977', 79),
(947, 'Ford', 'Econoline E250', '2001', 46),
(948, 'Pontiac', 'LeMans', '1967', 98),
(949, 'Audi', 'A4', '2011', 38),
(950, 'Mitsubishi', 'Truck', '1988', 75),
(951, 'Porsche', '944', '1988', 12),
(952, 'GMC', 'Envoy XL', '2006', 58),
(953, 'Saturn', 'L-Series', '2001', 34),
(954, 'Saab', '9-3', '2004', 67),
(955, 'GMC', 'Envoy', '2000', 5),
(956, 'Toyota', 'Corolla', '2001', 64),
(957, 'Saab', '900', '1996', 26),
(958, 'Jaguar', 'XK Series', '2003', 76),
(959, 'Lexus', 'IS', '2008', 65),
(960, 'Hyundai', 'Tiburon', '1998', 86),
(961, 'Hyundai', 'Scoupe', '1993', 11),
(962, 'Honda', 'S2000', '2006', 29),
(963, 'McLaren', 'MP4-12C', '2012', 1),
(964, 'Chevrolet', 'Impala', '2003', 86),
(965, 'Isuzu', 'Amigo', '1993', 87),
(966, 'Land Rover', 'Range Rover', '2009', 5),
(967, 'Mercedes-Benz', '300CE', '1992', 47),
(968, 'Pontiac', 'LeMans', '1991', 10),
(969, 'Toyota', 'Sequoia', '2003', 87),
(970, 'Saab', '9-3', '2007', 48),
(971, 'Lexus', 'RX', '2013', 53),
(972, 'Ford', 'F250', '1998', 26),
(973, 'Mitsubishi', 'Expo', '1993', 63),
(974, 'Mercedes-Benz', 'SLR McLaren', '2005', 66),
(975, 'Saab', '9-5', '2001', 92),
(976, 'Saturn', 'S-Series', '1997', 89),
(977, 'Toyota', 'Paseo', '1996', 29),
(978, 'Chevrolet', 'Camaro', '1996', 58),
(979, 'Mitsubishi', 'Galant', '2010', 69),
(980, 'Ford', 'Aerostar', '1990', 42),
(981, 'Mazda', 'MX-3', '1996', 53),
(982, 'Dodge', 'Intrepid', '2001', 41),
(983, 'Toyota', 'Corolla', '1995', 26),
(984, 'Dodge', 'Spirit', '1994', 40),
(985, 'GMC', 'Sierra 2500', '2010', 71),
(986, 'Volvo', 'XC60', '2011', 79),
(987, 'Toyota', 'Echo', '2002', 90),
(988, 'Lincoln', 'Town Car', '1991', 78),
(989, 'Audi', 'S4', '2012', 70),
(990, 'GMC', 'Sonoma Club Coupe', '1995', 81),
(991, 'Buick', 'Century', '2005', 49),
(992, 'Oldsmobile', 'Cutlass Supreme', '1996', 5),
(993, 'Volvo', 'XC60', '2009', 5),
(994, 'Ford', 'Fiesta', '2013', 94),
(995, 'Lincoln', 'MKX', '2011', 32),
(996, 'Ford', 'Escape', '2006', 84),
(997, 'Ford', 'Mustang', '2006', 4),
(998, 'Subaru', 'Justy', '1991', 80),
(999, 'Ford', 'Econoline E150', '1995', 82),
(1000, 'Mercedes-Benz', '600SEC', '1993', 62);

-- --------------------------------------------------------

--
-- Struktura tabeli dla tabeli `clients`
--

CREATE TABLE `clients` (
  `id` int(11) NOT NULL,
  `first_name` varchar(50) DEFAULT NULL,
  `last_name` varchar(50) DEFAULT NULL,
  `email` varchar(50) DEFAULT NULL,
  `gender` varchar(50) DEFAULT NULL,
  `country` varchar(50) DEFAULT NULL
) ENGINE=InnoDB DEFAULT CHARSET=utf8mb4 COLLATE=utf8mb4_general_ci;

--
-- Dumping data for table `clients`
--

INSERT INTO `clients` (`id`, `first_name`, `last_name`, `email`, `gender`, `country`) VALUES
(1, 'Darryl', 'Yglesias', 'dyglesias0@apple.com', 'Male', 'Sweden'),
(2, 'Keefer', 'Aronsohn', 'karonsohn1@ibm.com', 'Male', 'China'),
(3, 'Marin', 'Larratt', 'mlarratt2@unc.edu', 'Female', 'Poland'),
(4, 'Moyna', 'Zorzenoni', 'mzorzenoni3@blogtalkradio.com', 'Female', 'Philippines'),
(5, 'Jacky', 'Craghead', 'jcraghead4@sohu.com', 'Female', 'United States'),
(6, 'Roselin', 'Painten', 'rpainten5@abc.net.au', 'Female', 'Kuwait'),
(7, 'Ruthie', 'Teliga', 'rteliga6@google.com.br', 'Female', 'China'),
(8, 'Weidar', 'Winskill', 'wwinskill7@cloudflare.com', 'Male', 'Indonesia'),
(9, 'Marie', 'Sheasby', 'msheasby8@thetimes.co.uk', 'Female', 'Philippines'),
(10, 'Felipa', 'Haukey', 'fhaukey9@sitemeter.com', 'Female', 'China'),
(11, 'Karin', 'Garie', 'kgariea@deviantart.com', 'Female', 'Russia'),
(12, 'Rolph', 'Kelberer', 'rkelbererb@wikispaces.com', 'Male', 'China'),
(13, 'Jacquetta', 'Treadgall', 'jtreadgallc@symantec.com', 'Female', 'Portugal'),
(14, 'Nadeen', 'Emeney', 'nemeneyd@businesswire.com', 'Non-binary', 'Philippines'),
(15, 'Silvester', 'Warde', 'swardee@elegantthemes.com', 'Male', 'Georgia'),
(16, 'Wendeline', 'Larvin', 'wlarvinf@sphinn.com', 'Female', 'China'),
(17, 'Kerry', 'Geffen', 'kgeffeng@arizona.edu', 'Male', 'China'),
(18, 'Reynold', 'Barbery', 'rbarberyh@amazon.de', 'Male', 'China'),
(19, 'Astrix', 'Kohtler', 'akohtleri@hp.com', 'Genderfluid', 'China'),
(20, 'Bogey', 'Chyuerton', 'bchyuertonj@mapy.cz', 'Male', 'Nigeria'),
(21, 'James', 'Le Conte', 'jlecontek@fc2.com', 'Bigender', 'Uganda'),
(22, 'Charlena', 'Kenealy', 'ckenealyl@guardian.co.uk', 'Female', 'Portugal'),
(23, 'Michelle', 'Vasilik', 'mvasilikm@youtu.be', 'Female', 'Japan'),
(24, 'Nollie', 'Cawsy', 'ncawsyn@woothemes.com', 'Bigender', 'Portugal'),
(25, 'Margit', 'Redihalgh', 'mredihalgho@privacy.gov.au', 'Bigender', 'China'),
(26, 'Archie', 'Smithson', 'asmithsonp@unicef.org', 'Male', 'Sudan'),
(27, 'Myrtie', 'Elster', 'melsterq@gizmodo.com', 'Bigender', 'China'),
(28, 'Lanna', 'Roscam', 'lroscamr@yellowpages.com', 'Female', 'Brazil'),
(29, 'Even', 'Goold', 'egoolds@skype.com', 'Male', 'Portugal'),
(30, 'Lonnard', 'Alexsandrovich', 'lalexsandrovicht@so-net.ne.jp', 'Male', 'Israel'),
(31, 'Pansie', 'Hordle', 'phordleu@sakura.ne.jp', 'Female', 'China'),
(32, 'Korney', 'Crucetti', 'kcrucettiv@123-reg.co.uk', 'Female', 'Ivory Coast'),
(33, 'Dione', 'Fetter', 'dfetterw@nationalgeographic.com', 'Female', 'China'),
(34, 'Eadmund', 'Davidof', 'edavidofx@baidu.com', 'Polygender', 'Philippines'),
(35, 'Arluene', 'Carville', 'acarvilley@privacy.gov.au', 'Female', 'Pakistan'),
(36, 'Dolf', 'Askie', 'daskiez@ucoz.com', 'Male', 'Colombia'),
(37, 'Madella', 'Fishleigh', 'mfishleigh10@blogspot.com', 'Female', 'Indonesia'),
(38, 'Roze', 'Mackie', 'rmackie11@irs.gov', 'Female', 'China'),
(39, 'Barnebas', 'Shelly', 'bshelly12@uiuc.edu', 'Male', 'United States'),
(40, 'Wells', 'Bahl', 'wbahl13@i2i.jp', 'Male', 'South Africa'),
(41, 'Bernarr', 'Edginton', 'bedginton14@hud.gov', 'Male', 'Colombia'),
(42, 'Morse', 'Ferrara', 'mferrara15@topsy.com', 'Non-binary', 'Philippines'),
(43, 'Gilda', 'Faley', 'gfaley16@yellowpages.com', 'Female', 'Puerto Rico'),
(44, 'Britt', 'Sattin', 'bsattin17@nih.gov', 'Male', 'Philippines'),
(45, 'Brier', 'Greengrass', 'bgreengrass18@nymag.com', 'Female', 'Togo'),
(46, 'Hansiain', 'Cutbush', 'hcutbush19@dedecms.com', 'Male', 'China'),
(47, 'Angelo', 'Kleeman', 'akleeman1a@godaddy.com', 'Male', 'China'),
(48, 'Josias', 'Fleis', 'jfleis1b@angelfire.com', 'Male', 'Philippines'),
(49, 'Haley', 'Nannetti', 'hnannetti1c@themeforest.net', 'Agender', 'Lithuania'),
(50, 'Simonne', 'Fettiplace', 'sfettiplace1d@wp.com', 'Female', 'Poland'),
(51, 'Hollis', 'Hallawell', 'hhallawell1e@dailymotion.com', 'Agender', 'Greece'),
(52, 'Joyce', 'Allbon', 'jallbon1f@homestead.com', 'Female', 'China'),
(53, 'Nicol', 'Furmagier', 'nfurmagier1g@va.gov', 'Male', 'Indonesia'),
(54, 'Sindee', 'McGeorge', 'smcgeorge1h@techcrunch.com', 'Female', 'Russia'),
(55, 'Madison', 'Epperson', 'mepperson1i@typepad.com', 'Male', 'Ireland'),
(56, 'Leif', 'St Quenin', 'lstquenin1j@blogspot.com', 'Male', 'Russia'),
(57, 'Chrissie', 'Bonnesen', 'cbonnesen1k@multiply.com', 'Male', 'Russia'),
(58, 'Idell', 'Keohane', 'ikeohane1l@unicef.org', 'Female', 'Indonesia'),
(59, 'Trenna', 'Jahnke', 'tjahnke1m@jugem.jp', 'Female', 'Russia'),
(60, 'Isadore', 'Krates', 'ikrates1n@naver.com', 'Male', 'Poland'),
(61, 'Bearnard', 'Sedgefield', 'bsedgefield1o@wunderground.com', 'Male', 'Greece'),
(62, 'Cecilio', 'Gallaher', 'cgallaher1p@stumbleupon.com', 'Male', 'China'),
(63, 'Malvina', 'Ubsdell', 'mubsdell1q@surveymonkey.com', 'Female', 'China'),
(64, 'Homere', 'Hefferon', 'hhefferon1r@unc.edu', 'Male', 'Netherlands'),
(65, 'Pearline', 'Pallent', 'ppallent1s@simplemachines.org', 'Female', 'Portugal'),
(66, 'Shirlene', 'Churn', 'schurn1t@disqus.com', 'Female', 'Poland'),
(67, 'Trudie', 'Spiers', 'tspiers1u@taobao.com', 'Female', 'North Korea'),
(68, 'Tudor', 'Presswell', 'tpresswell1v@dailymail.co.uk', 'Male', 'Tuvalu'),
(69, 'Paddie', 'Nairns', 'pnairns1w@instagram.com', 'Male', 'Indonesia'),
(70, 'Jan', 'Gonin', 'jgonin1x@furl.net', 'Male', 'Greece'),
(71, 'Julian', 'Fish', 'jfish1y@ow.ly', 'Male', 'Moldova'),
(72, 'Katinka', 'Demetr', 'kdemetr1z@exblog.jp', 'Female', 'Portugal'),
(73, 'Alexandro', 'Paulich', 'apaulich20@devhub.com', 'Male', 'Indonesia'),
(74, 'Jimmie', 'Gorbell', 'jgorbell21@sphinn.com', 'Male', 'Ukraine'),
(75, 'Gibbie', 'Juanes', 'gjuanes22@a8.net', 'Male', 'Philippines'),
(76, 'Somerset', 'Ainslee', 'sainslee23@spiegel.de', 'Male', 'China'),
(77, 'Jeffry', 'Coils', 'jcoils24@phpbb.com', 'Male', 'Kazakhstan'),
(78, 'Carmelita', 'Hazael', 'chazael25@comsenz.com', 'Female', 'France'),
(79, 'Prisca', 'Logie', 'plogie26@nps.gov', 'Female', 'China'),
(80, 'Gaynor', 'Boldock', 'gboldock27@exblog.jp', 'Female', 'Mexico'),
(81, 'Fifi', 'Caldicot', 'fcaldicot28@people.com.cn', 'Female', 'Indonesia'),
(82, 'Becki', 'Burkert', 'bburkert29@acquirethisname.com', 'Female', 'Greece'),
(83, 'Gerrie', 'Glasman', 'gglasman2a@paginegialle.it', 'Male', 'China'),
(84, 'Kerwinn', 'Fydoe', 'kfydoe2b@shareasale.com', 'Male', 'Czech Republic'),
(85, 'Emmerich', 'Sumner', 'esumner2c@topsy.com', 'Male', 'Palestinian Territory'),
(86, 'Perren', 'Coultish', 'pcoultish2d@washington.edu', 'Male', 'Japan'),
(87, 'Linnell', 'Iredell', 'liredell2e@nyu.edu', 'Female', 'Bulgaria'),
(88, 'Maridel', 'Ciccotti', 'mciccotti2f@flickr.com', 'Female', 'Brazil'),
(89, 'Phylis', 'Ellice', 'pellice2g@smugmug.com', 'Female', 'Slovenia'),
(90, 'Jordan', 'Lackie', 'jlackie2h@acquirethisname.com', 'Male', 'China'),
(91, 'Benn', 'Dreini', 'bdreini2i@huffingtonpost.com', 'Male', 'Brazil'),
(92, 'Gloriana', 'Prewett', 'gprewett2j@apache.org', 'Female', 'China'),
(93, 'Elladine', 'Creboe', 'ecreboe2k@mtv.com', 'Female', 'Morocco'),
(94, 'Seamus', 'McParland', 'smcparland2l@typepad.com', 'Male', 'Mongolia'),
(95, 'Ruprecht', 'Welfare', 'rwelfare2m@noaa.gov', 'Male', 'China'),
(96, 'Johnna', 'Witherow', 'jwitherow2n@sourceforge.net', 'Female', 'United States'),
(97, 'Loleta', 'Masarrat', 'lmasarrat2o@domainmarket.com', 'Female', 'Indonesia'),
(98, 'Moreen', 'Pender', 'mpender2p@omniture.com', 'Female', 'Russia'),
(99, 'Constanta', 'Gimbrett', 'cgimbrett2q@webmd.com', 'Female', 'Indonesia'),
(100, 'Gordy', 'Symon', 'gsymon2r@reverbnation.com', 'Male', 'Cuba'),
(101, 'Davey', 'Finkle', 'dfinkle2s@acquirethisname.com', 'Male', 'Philippines'),
(102, 'Anson', 'Peebles', 'apeebles2t@plala.or.jp', 'Male', 'China'),
(103, 'Georgeanna', 'McLaren', 'gmclaren2u@baidu.com', 'Female', 'Brazil'),
(104, 'Jammal', 'McCuthais', 'jmccuthais2v@ucsd.edu', 'Male', 'Indonesia'),
(105, 'Moises', 'Speke', 'mspeke2w@edublogs.org', 'Male', 'Cape Verde'),
(106, 'Ellary', 'Noblett', 'enoblett2x@jalbum.net', 'Male', 'Jordan'),
(107, 'Lela', 'Arthurs', 'larthurs2y@google.de', 'Female', 'Peru'),
(108, 'Chevalier', 'Foystone', 'cfoystone2z@meetup.com', 'Male', 'Syria'),
(109, 'Reinhard', 'Farleigh', 'rfarleigh30@examiner.com', 'Male', 'Philippines'),
(110, 'Vachel', 'Mair', 'vmair31@shutterfly.com', 'Male', 'Indonesia'),
(111, 'Laurel', 'Rowena', 'lrowena32@hud.gov', 'Bigender', 'China'),
(112, 'Carissa', 'McKeever', 'cmckeever33@cyberchimps.com', 'Genderfluid', 'Japan'),
(113, 'Barrie', 'Valente', 'bvalente34@noaa.gov', 'Male', 'Ethiopia'),
(114, 'Had', 'Stolworthy', 'hstolworthy35@ocn.ne.jp', 'Male', 'Argentina'),
(115, 'Revkah', 'Soutar', 'rsoutar36@woothemes.com', 'Female', 'Guatemala'),
(116, 'Vanni', 'Enrique', 'venrique37@disqus.com', 'Female', 'Bangladesh'),
(117, 'Editha', 'Hebbard', 'ehebbard38@cargocollective.com', 'Female', 'Indonesia'),
(118, 'Dreddy', 'Campbell-Dunlop', 'dcampbelldunlop39@answers.com', 'Female', 'Brazil'),
(119, 'Smith', 'Carvill', 'scarvill3a@aboutads.info', 'Male', 'China'),
(120, 'Joya', 'Gocke', 'jgocke3b@smh.com.au', 'Female', 'Philippines'),
(121, 'Bernardina', 'Conradsen', 'bconradsen3c@odnoklassniki.ru', 'Female', 'China'),
(122, 'Gage', 'Lince', 'glince3d@whitehouse.gov', 'Genderqueer', 'Gambia'),
(123, 'Robyn', 'Tretter', 'rtretter3e@gravatar.com', 'Female', 'China'),
(124, 'Minerva', 'Lerwell', 'mlerwell3f@chronoengine.com', 'Female', 'Ukraine'),
(125, 'Lucie', 'Whitty', 'lwhitty3g@free.fr', 'Female', 'Poland'),
(126, 'Sean', 'Severs', 'ssevers3h@studiopress.com', 'Female', 'Mauritius'),
(127, 'Daven', 'Iwanowski', 'diwanowski3i@goodreads.com', 'Male', 'France'),
(128, 'Haven', 'Buggs', 'hbuggs3j@home.pl', 'Male', 'Colombia'),
(129, 'Valene', 'Worrell', 'vworrell3k@gov.uk', 'Female', 'Chile'),
(130, 'Dene', 'Frend', 'dfrend3l@ox.ac.uk', 'Male', 'Germany'),
(131, 'Hyacintha', 'Tremonte', 'htremonte3m@google.it', 'Female', 'France'),
(132, 'Debi', 'Baldassi', 'dbaldassi3n@123-reg.co.uk', 'Female', 'Bolivia'),
(133, 'Sheri', 'Sainteau', 'ssainteau3o@arizona.edu', 'Female', 'Indonesia'),
(134, 'Crin', 'Polycote', 'cpolycote3p@odnoklassniki.ru', 'Female', 'Argentina'),
(135, 'Kirbee', 'McPartlin', 'kmcpartlin3q@ed.gov', 'Female', 'China'),
(136, 'Esteban', 'Engel', 'eengel3r@un.org', 'Male', 'Indonesia'),
(137, 'Nomi', 'Tompkins', 'ntompkins3s@biblegateway.com', 'Genderqueer', 'China'),
(138, 'Darell', 'Keunemann', 'dkeunemann3t@craigslist.org', 'Female', 'Japan'),
(139, 'Holt', 'Feeny', 'hfeeny3u@skype.com', 'Genderqueer', 'China'),
(140, 'Nonna', 'Filov', 'nfilov3v@harvard.edu', 'Female', 'China'),
(141, 'Bobbie', 'Coenraets', 'bcoenraets3w@acquirethisname.com', 'Male', 'Czech Republic'),
(142, 'Rozalin', 'Rawsthorne', 'rrawsthorne3x@printfriendly.com', 'Non-binary', 'Sweden'),
(143, 'Conn', 'Blaasch', 'cblaasch3y@constantcontact.com', 'Male', 'China'),
(144, 'Brandice', 'Thomlinson', 'bthomlinson3z@paypal.com', 'Female', 'Mauritania'),
(145, 'Ingram', 'Tallboy', 'itallboy40@google.it', 'Male', 'China'),
(146, 'Carmine', 'Konmann', 'ckonmann41@yandex.ru', 'Male', 'Madagascar'),
(147, 'Berni', 'Orbine', 'borbine42@example.com', 'Female', 'China'),
(148, 'Georgena', 'Goodson', 'ggoodson43@typepad.com', 'Female', 'Poland'),
(149, 'Yorgo', 'Gaspard', 'ygaspard44@devhub.com', 'Male', 'Indonesia'),
(150, 'Thatch', 'Wilkisson', 'twilkisson45@ifeng.com', 'Agender', 'Czech Republic'),
(151, 'Dru', 'Spyvye', 'dspyvye46@wordpress.com', 'Female', 'Egypt'),
(152, 'Crysta', 'Grishagin', 'cgrishagin47@wikia.com', 'Female', 'Nepal'),
(153, 'Roanna', 'Searjeant', 'rsearjeant48@pbs.org', 'Female', 'Peru'),
(154, 'Abie', 'Rantoull', 'arantoull49@dell.com', 'Male', 'Russia'),
(155, 'Cristiano', 'Sharples', 'csharples4a@exblog.jp', 'Male', 'Greece'),
(156, 'Shelli', 'Melton', 'smelton4b@hostgator.com', 'Female', 'China'),
(157, 'Binny', 'Bennough', 'bbennough4c@printfriendly.com', 'Bigender', 'China'),
(158, 'Rosemonde', 'Swyndley', 'rswyndley4d@time.com', 'Female', 'Greece'),
(159, 'Tymon', 'Worstall', 'tworstall4e@theatlantic.com', 'Male', 'Poland'),
(160, 'Corabel', 'Grinsted', 'cgrinsted4f@vimeo.com', 'Female', 'China'),
(161, 'Bond', 'Smidmoor', 'bsmidmoor4g@arizona.edu', 'Male', 'United States'),
(162, 'Hanson', 'Bretelle', 'hbretelle4h@pen.io', 'Male', 'Morocco'),
(163, 'Trescha', 'Measham', 'tmeasham4i@freewebs.com', 'Female', 'Sweden'),
(164, 'Noemi', 'Tonkes', 'ntonkes4j@msn.com', 'Female', 'Japan'),
(165, 'Adam', 'Comerford', 'acomerford4k@tinyurl.com', 'Male', 'Russia'),
(166, 'Gisella', 'Kleinhausen', 'gkleinhausen4l@accuweather.com', 'Polygender', 'Japan'),
(167, 'Fonsie', 'Crowhurst', 'fcrowhurst4m@irs.gov', 'Polygender', 'Poland'),
(168, 'Gabbi', 'Brunner', 'gbrunner4n@nba.com', 'Agender', 'Ireland'),
(169, 'Megen', 'Orgill', 'morgill4o@marketwatch.com', 'Female', 'Japan'),
(170, 'Sean', 'Olding', 'solding4p@tinypic.com', 'Male', 'Portugal'),
(171, 'Adrian', 'Lethby', 'alethby4q@hugedomains.com', 'Female', 'China'),
(172, 'Wilek', 'Capehorn', 'wcapehorn4r@google.nl', 'Agender', 'Philippines'),
(173, 'Ashia', 'Allpress', 'aallpress4s@t-online.de', 'Polygender', 'Bosnia and Herzegovina'),
(174, 'Niki', 'Krause', 'nkrause4t@so-net.ne.jp', 'Female', 'France'),
(175, 'Gabe', 'Mabe', 'gmabe4u@huffingtonpost.com', 'Genderfluid', 'Philippines'),
(176, 'Zilvia', 'Munt', 'zmunt4v@imdb.com', 'Female', 'Netherlands'),
(177, 'Menard', 'Bosence', 'mbosence4w@marketwatch.com', 'Male', 'Thailand'),
(178, 'Derrik', 'Doughartie', 'ddoughartie4x@webeden.co.uk', 'Male', 'China'),
(179, 'Sheffie', 'Fentem', 'sfentem4y@soundcloud.com', 'Male', 'Mexico'),
(180, 'Nancey', 'Holby', 'nholby4z@wordpress.com', 'Female', 'Peru'),
(181, 'Christopher', 'Weathey', 'cweathey50@stumbleupon.com', 'Agender', 'China'),
(182, 'Brana', 'Severs', 'bsevers51@elpais.com', 'Genderfluid', 'Georgia'),
(183, 'Jesse', 'Wheeliker', 'jwheeliker52@mit.edu', 'Female', 'China'),
(184, 'Obediah', 'Laherty', 'olaherty53@deliciousdays.com', 'Male', 'Chile'),
(185, 'Jemmie', 'Scane', 'jscane54@loc.gov', 'Female', 'Argentina'),
(186, 'Felipe', 'Kettlestringes', 'fkettlestringes55@fda.gov', 'Male', 'Ukraine'),
(187, 'Sunny', 'Mephan', 'smephan56@comcast.net', 'Male', 'Japan'),
(188, 'Lindy', 'Brodley', 'lbrodley57@topsy.com', 'Female', 'Morocco'),
(189, 'Rufe', 'Vecard', 'rvecard58@trellian.com', 'Male', 'Portugal'),
(190, 'Velvet', 'Slatcher', 'vslatcher59@webs.com', 'Female', 'Costa Rica'),
(191, 'Tillie', 'Fellona', 'tfellona5a@businesswire.com', 'Female', 'China'),
(192, 'Raddy', 'Dilawey', 'rdilawey5b@patch.com', 'Male', 'China'),
(193, 'Odette', 'Howsam', 'ohowsam5c@last.fm', 'Female', 'Azerbaijan'),
(194, 'Salmon', 'Meagh', 'smeagh5d@ucoz.ru', 'Male', 'Croatia'),
(195, 'Bernard', 'Fantini', 'bfantini5e@hao123.com', 'Male', 'China'),
(196, 'Catie', 'Richardsson', 'crichardsson5f@phoca.cz', 'Female', 'Indonesia'),
(197, 'Emlyn', 'Vargas', 'evargas5g@springer.com', 'Male', 'Indonesia'),
(198, 'Casandra', 'Menel', 'cmenel5h@newyorker.com', 'Female', 'Philippines'),
(199, 'Davide', 'Dundredge', 'ddundredge5i@reference.com', 'Male', 'China'),
(200, 'Merrill', 'Featley', 'mfeatley5j@sakura.ne.jp', 'Genderqueer', 'Russia'),
(201, 'Emmeline', 'Callacher', 'ecallacher5k@vkontakte.ru', 'Female', 'United States'),
(202, 'Ernestus', 'Knifton', 'eknifton5l@indiegogo.com', 'Male', 'Greece'),
(203, 'Duff', 'Eisikowitz', 'deisikowitz5m@bravesites.com', 'Male', 'Greece'),
(204, 'Gail', 'Flanne', 'gflanne5n@ibm.com', 'Agender', 'Poland'),
(205, 'Mill', 'Faughny', 'mfaughny5o@people.com.cn', 'Male', 'Indonesia'),
(206, 'Valene', 'Stango', 'vstango5p@epa.gov', 'Female', 'China'),
(207, 'Madlin', 'Slafford', 'mslafford5q@myspace.com', 'Female', 'Philippines'),
(208, 'Sonja', 'Bodley', 'sbodley5r@time.com', 'Female', 'China'),
(209, 'Jaimie', 'Tribbeck', 'jtribbeck5s@dell.com', 'Male', 'Poland'),
(210, 'Edwin', 'Syde', 'esyde5t@spotify.com', 'Male', 'Brazil'),
(211, 'Moore', 'Beebis', 'mbeebis5u@naver.com', 'Male', 'Philippines'),
(212, 'Rayshell', 'Shackesby', 'rshackesby5v@unblog.fr', 'Female', 'Indonesia'),
(213, 'Alejoa', 'Koeppke', 'akoeppke5w@army.mil', 'Agender', 'Brazil'),
(214, 'Brunhilde', 'Breckwell', 'bbreckwell5x@51.la', 'Female', 'Colombia'),
(215, 'Englebert', 'Plaskett', 'eplaskett5y@histats.com', 'Genderfluid', 'Indonesia'),
(216, 'Carlotta', 'Skegg', 'cskegg5z@apache.org', 'Female', 'China'),
(217, 'Mattheus', 'Eam', 'meam60@cocolog-nifty.com', 'Male', 'Russia'),
(218, 'Russ', 'Tickle', 'rtickle61@ihg.com', 'Male', 'Italy'),
(219, 'Adham', 'Toderini', 'atoderini62@simplemachines.org', 'Male', 'United States'),
(220, 'Donella', 'Churching', 'dchurching63@prnewswire.com', 'Female', 'Sweden'),
(221, 'Joelle', 'Sweatman', 'jsweatman64@gnu.org', 'Female', 'Colombia'),
(222, 'Roland', 'Craske', 'rcraske65@google.com', 'Male', 'China'),
(223, 'Maximilianus', 'Shimman', 'mshimman66@artisteer.com', 'Male', 'Philippines'),
(224, 'Berry', 'Galego', 'bgalego67@storify.com', 'Female', 'Indonesia'),
(225, 'Charline', 'Feaviour', 'cfeaviour68@chicagotribune.com', 'Female', 'Bosnia and Herzegovina'),
(226, 'Dena', 'Batterson', 'dbatterson69@mashable.com', 'Female', 'Armenia'),
(227, 'Malory', 'Samart', 'msamart6a@etsy.com', 'Female', 'Democratic Republic of the Congo'),
(228, 'Gwendolin', 'Chastan', 'gchastan6b@nytimes.com', 'Female', 'Russia'),
(229, 'Dino', 'Harlowe', 'dharlowe6c@joomla.org', 'Male', 'Moldova'),
(230, 'Langston', 'Keese', 'lkeese6d@latimes.com', 'Male', 'China'),
(231, 'Quillan', 'Mence', 'qmence6e@smugmug.com', 'Male', 'France'),
(232, 'Konstantin', 'Pashenkov', 'kpashenkov6f@springer.com', 'Male', 'Trinidad and Tobago'),
(233, 'Nat', 'Ponnsett', 'nponnsett6g@wisc.edu', 'Female', 'China'),
(234, 'Faun', 'Mougin', 'fmougin6h@bloomberg.com', 'Female', 'United States'),
(235, 'Dasi', 'Ferraresi', 'dferraresi6i@theglobeandmail.com', 'Female', 'Mexico'),
(236, 'Sebastiano', 'Fisher', 'sfisher6j@hubpages.com', 'Male', 'Uganda'),
(237, 'Jeanna', 'Popov', 'jpopov6k@webmd.com', 'Female', 'Russia'),
(238, 'Joellen', 'Eallis', 'jeallis6l@princeton.edu', 'Female', 'Greece'),
(239, 'Millicent', 'Ruvel', 'mruvel6m@uiuc.edu', 'Female', 'Palestinian Territory'),
(240, 'Vinni', 'Gorham', 'vgorham6n@wired.com', 'Genderfluid', 'China'),
(241, 'Reube', 'McCluskey', 'rmccluskey6o@cdbaby.com', 'Male', 'Russia'),
(242, 'Ellie', 'Bent', 'ebent6p@si.edu', 'Female', 'Mexico'),
(243, 'Raphael', 'Lipp', 'rlipp6q@jugem.jp', 'Male', 'United States'),
(244, 'Filbert', 'Axtonne', 'faxtonne6r@techcrunch.com', 'Male', 'Ukraine'),
(245, 'Damiano', 'Hillum', 'dhillum6s@bloglines.com', 'Male', 'China'),
(246, 'Beitris', 'Newlands', 'bnewlands6t@unesco.org', 'Female', 'Japan'),
(247, 'Sidoney', 'Temblett', 'stemblett6u@columbia.edu', 'Female', 'China'),
(248, 'Kate', 'Bergeon', 'kbergeon6v@1688.com', 'Female', 'Russia'),
(249, 'Corena', 'Triplow', 'ctriplow6w@soundcloud.com', 'Female', 'France'),
(250, 'Shirline', 'Berry', 'sberry6x@europa.eu', 'Female', 'Mongolia'),
(251, 'Nicoline', 'Christian', 'nchristian6y@joomla.org', 'Female', 'Belarus'),
(252, 'Daryl', 'Rivel', 'drivel6z@eventbrite.com', 'Male', 'Poland'),
(253, 'Clemente', 'Fitzer', 'cfitzer70@java.com', 'Male', 'Indonesia'),
(254, 'Dinah', 'Devonport', 'ddevonport71@dell.com', 'Female', 'Indonesia'),
(255, 'Petronille', 'Paxman', 'ppaxman72@livejournal.com', 'Female', 'Canada'),
(256, 'Nadya', 'Bailess', 'nbailess73@blogspot.com', 'Female', 'Argentina'),
(257, 'Wain', 'Pygott', 'wpygott74@uol.com.br', 'Male', 'Argentina'),
(258, 'Washington', 'Pownall', 'wpownall75@pinterest.com', 'Bigender', 'Greece'),
(259, 'Pauletta', 'Siene', 'psiene76@myspace.com', 'Female', 'Mongolia'),
(260, 'Damita', 'Frew', 'dfrew77@google.es', 'Female', 'Indonesia'),
(261, 'Kirbee', 'Bullivent', 'kbullivent78@techcrunch.com', 'Female', 'Sweden'),
(262, 'Rudy', 'Aucutt', 'raucutt79@sourceforge.net', 'Male', 'Malaysia'),
(263, 'Catlin', 'Wenham', 'cwenham7a@lulu.com', 'Female', 'China'),
(264, 'Chandler', 'Mathan', 'cmathan7b@latimes.com', 'Male', 'Portugal'),
(265, 'Leisha', 'Kimbury', 'lkimbury7c@facebook.com', 'Female', 'Venezuela'),
(266, 'Lynette', 'Raftery', 'lraftery7d@devhub.com', 'Female', 'Luxembourg'),
(267, 'Alon', 'Yuryatin', 'ayuryatin7e@arstechnica.com', 'Male', 'Brazil'),
(268, 'Lev', 'Arnison', 'larnison7f@google.de', 'Male', 'Indonesia'),
(269, 'Jan', 'Demead', 'jdemead7g@blogspot.com', 'Genderqueer', 'Samoa'),
(270, 'Wilone', 'Fillimore', 'wfillimore7h@va.gov', 'Female', 'Australia'),
(271, 'Alister', 'Kermit', 'akermit7i@hp.com', 'Male', 'China'),
(272, 'Elena', 'Hindhaugh', 'ehindhaugh7j@psu.edu', 'Female', 'China'),
(273, 'Hastie', 'Kissack', 'hkissack7k@wix.com', 'Male', 'United States'),
(274, 'Amalea', 'Orrell', 'aorrell7l@phoca.cz', 'Female', 'Tunisia'),
(275, 'Porty', 'Delnevo', 'pdelnevo7m@archive.org', 'Male', 'Guatemala'),
(276, 'Loralyn', 'Borrell', 'lborrell7n@flavors.me', 'Female', 'Slovenia'),
(277, 'Thurston', 'Amorts', 'tamorts7o@cmu.edu', 'Male', 'Russia'),
(278, 'Feodora', 'Rappport', 'frappport7p@rambler.ru', 'Female', 'Belarus'),
(279, 'Erhart', 'Bassilashvili', 'ebassilashvili7q@usgs.gov', 'Male', 'China'),
(280, 'Lianna', 'Gronav', 'lgronav7r@howstuffworks.com', 'Female', 'Sweden'),
(281, 'Chariot', 'Fryman', 'cfryman7s@studiopress.com', 'Male', 'Portugal'),
(282, 'Greggory', 'Proback', 'gproback7t@dyndns.org', 'Male', 'Indonesia'),
(283, 'Hagan', 'Topes', 'htopes7u@linkedin.com', 'Male', 'China'),
(284, 'Vivi', 'Hollingdale', 'vhollingdale7v@accuweather.com', 'Female', 'Djibouti'),
(285, 'Ara', 'Mourge', 'amourge7w@shareasale.com', 'Male', 'Philippines'),
(286, 'Bebe', 'Brahan', 'bbrahan7x@joomla.org', 'Female', 'Cyprus'),
(287, 'Trstram', 'Cammell', 'tcammell7y@wikia.com', 'Male', 'Mongolia'),
(288, 'Halsey', 'McChruiter', 'hmcchruiter7z@feedburner.com', 'Male', 'China'),
(289, 'Feliks', 'Gainor', 'fgainor80@nymag.com', 'Non-binary', 'Taiwan'),
(290, 'Sherlock', 'Amort', 'samort81@whitehouse.gov', 'Male', 'Russia'),
(291, 'Aubine', 'Gilhouley', 'agilhouley82@examiner.com', 'Female', 'Poland'),
(292, 'Jenica', 'Cansdale', 'jcansdale83@bbc.co.uk', 'Female', 'Indonesia'),
(293, 'Curry', 'Gleasane', 'cgleasane84@creativecommons.org', 'Male', 'Czech Republic'),
(294, 'Merwyn', 'Gerardi', 'mgerardi85@paypal.com', 'Male', 'Indonesia'),
(295, 'Birgit', 'Milliken', 'bmilliken86@engadget.com', 'Female', 'Philippines'),
(296, 'Geno', 'Hoffman', 'ghoffman87@scribd.com', 'Male', 'Thailand'),
(297, 'Rafaelita', 'Boik', 'rboik88@dagondesign.com', 'Female', 'Brazil'),
(298, 'Pinchas', 'Stoves', 'pstoves89@blogs.com', 'Genderfluid', 'China'),
(299, 'Earle', 'Sommerled', 'esommerled8a@multiply.com', 'Male', 'Indonesia'),
(300, 'Isac', 'Pernell', 'ipernell8b@narod.ru', 'Male', 'China'),
(301, 'Hayley', 'St. Queintain', 'hstqueintain8c@icq.com', 'Female', 'China'),
(302, 'Goober', 'Maudling', 'gmaudling8d@symantec.com', 'Male', 'China'),
(303, 'Ronda', 'Todarini', 'rtodarini8e@aol.com', 'Female', 'Russia'),
(304, 'Davis', 'Buckner', 'dbuckner8f@ifeng.com', 'Male', 'Namibia'),
(305, 'Salomi', 'Lowdiane', 'slowdiane8g@bing.com', 'Female', 'Tanzania'),
(306, 'Abbot', 'Haggis', 'ahaggis8h@discuz.net', 'Male', 'Argentina'),
(307, 'Jocelyne', 'Chisnell', 'jchisnell8i@qq.com', 'Female', 'Finland'),
(308, 'Kelcey', 'Humby', 'khumby8j@mozilla.com', 'Female', 'China'),
(309, 'Gannon', 'Allam', 'gallam8k@epa.gov', 'Male', 'Philippines'),
(310, 'Ami', 'Collecott', 'acollecott8l@webnode.com', 'Female', 'Indonesia'),
(311, 'Valaria', 'Tothacot', 'vtothacot8m@newsvine.com', 'Female', 'Philippines'),
(312, 'Barthel', 'Kleine', 'bkleine8n@nature.com', 'Male', 'Colombia'),
(313, 'Marianna', 'Jacquemy', 'mjacquemy8o@prnewswire.com', 'Female', 'Indonesia'),
(314, 'Doreen', 'Kelley', 'dkelley8p@auda.org.au', 'Female', 'Egypt'),
(315, 'Erie', 'Heavyside', 'eheavyside8q@washingtonpost.com', 'Male', 'Philippines'),
(316, 'Romonda', 'Lightbourne', 'rlightbourne8r@storify.com', 'Female', 'Botswana'),
(317, 'Darren', 'Habbergham', 'dhabbergham8s@un.org', 'Male', 'Japan'),
(318, 'Goddart', 'Sidey', 'gsidey8t@histats.com', 'Male', 'Portugal'),
(319, 'Jackie', 'Jopp', 'jjopp8u@last.fm', 'Male', 'Czech Republic'),
(320, 'Ninnetta', 'Loalday', 'nloalday8v@ucsd.edu', 'Female', 'China'),
(321, 'Christiane', 'McGuffie', 'cmcguffie8w@europa.eu', 'Female', 'Poland'),
(322, 'Elfrieda', 'Schottli', 'eschottli8x@hp.com', 'Female', 'Brazil'),
(323, 'Israel', 'Cherryman', 'icherryman8y@hubpages.com', 'Agender', 'Jordan'),
(324, 'Tamas', 'De Blase', 'tdeblase8z@upenn.edu', 'Male', 'Indonesia'),
(325, 'Tabina', 'Souster', 'tsouster90@earthlink.net', 'Female', 'Honduras'),
(326, 'Jacquelynn', 'Rekes', 'jrekes91@people.com.cn', 'Female', 'Indonesia'),
(327, 'Nerissa', 'Pre', 'npre92@4shared.com', 'Female', 'China'),
(328, 'Arabela', 'Sutherel', 'asutherel93@hubpages.com', 'Female', 'Turkmenistan'),
(329, 'Basil', 'Gwyneth', 'bgwyneth94@deliciousdays.com', 'Male', 'Sweden'),
(330, 'Emelen', 'Peet', 'epeet95@4shared.com', 'Male', 'Brazil'),
(331, 'Alessandra', 'Marchelli', 'amarchelli96@admin.ch', 'Female', 'Honduras'),
(332, 'Mauricio', 'Wollard', 'mwollard97@mapy.cz', 'Male', 'China'),
(333, 'Jim', 'Ware', 'jware98@redcross.org', 'Male', 'Bosnia and Herzegovina'),
(334, 'Maurits', 'Ferraro', 'mferraro99@topsy.com', 'Male', 'Indonesia'),
(335, 'Kacie', 'Veld', 'kveld9a@360.cn', 'Female', 'Philippines'),
(336, 'Eloise', 'Mantram', 'emantram9b@ning.com', 'Female', 'Austria'),
(337, 'Jennine', 'Wyeld', 'jwyeld9c@hubpages.com', 'Female', 'China'),
(338, 'Irwinn', 'Prettyjohns', 'iprettyjohns9d@github.com', 'Male', 'Finland'),
(339, 'Rosemarie', 'Kitchingman', 'rkitchingman9e@skype.com', 'Female', 'China'),
(340, 'Fidelity', 'Aylwin', 'faylwin9f@t-online.de', 'Female', 'Indonesia'),
(341, 'Lauree', 'Mc Cahey', 'lmccahey9g@ebay.co.uk', 'Female', 'Greece'),
(342, 'Barn', 'Jendrys', 'bjendrys9h@guardian.co.uk', 'Male', 'Slovakia'),
(343, 'Gayel', 'Shulver', 'gshulver9i@amazon.co.uk', 'Female', 'China'),
(344, 'Merrick', 'Kacheler', 'mkacheler9j@unesco.org', 'Male', 'Philippines'),
(345, 'Oates', 'Oxlade', 'ooxlade9k@comcast.net', 'Male', 'China'),
(346, 'Nadeen', 'Corrigan', 'ncorrigan9l@nytimes.com', 'Female', 'Chad'),
(347, 'Gerhardt', 'Brahm', 'gbrahm9m@goodreads.com', 'Male', 'China'),
(348, 'Dione', 'Dunning', 'ddunning9n@unicef.org', 'Female', 'Sweden'),
(349, 'Emlyn', 'Mattheus', 'emattheus9o@tripadvisor.com', 'Male', 'Russia'),
(350, 'Laure', 'Woller', 'lwoller9p@google.es', 'Female', 'China'),
(351, 'Aretha', 'Prestie', 'aprestie9q@constantcontact.com', 'Agender', 'Poland'),
(352, 'Chase', 'Colvie', 'ccolvie9r@nationalgeographic.com', 'Male', 'Russia'),
(353, 'Cherry', 'Dutt', 'cdutt9s@example.com', 'Female', 'China'),
(354, 'Rebecka', 'Lory', 'rlory9t@apache.org', 'Female', 'China'),
(355, 'Guntar', 'Eason', 'geason9u@blogtalkradio.com', 'Male', 'Tanzania'),
(356, 'Lee', 'MacCumiskey', 'lmaccumiskey9v@1688.com', 'Male', 'Russia'),
(357, 'Steward', 'Soigne', 'ssoigne9w@elpais.com', 'Male', 'Ukraine'),
(358, 'Andreas', 'Gehricke', 'agehricke9x@fastcompany.com', 'Male', 'China'),
(359, 'Bertine', 'Elven', 'belven9y@netlog.com', 'Female', 'Argentina'),
(360, 'Guilbert', 'Pilgrim', 'gpilgrim9z@e-recht24.de', 'Male', 'China'),
(361, 'Farrel', 'Orrill', 'forrilla0@adobe.com', 'Male', 'China'),
(362, 'Cullin', 'Guillou', 'cguilloua1@nhs.uk', 'Male', 'China'),
(363, 'Jayme', 'Emblen', 'jemblena2@wix.com', 'Female', 'Sweden'),
(364, 'Alana', 'Fadden', 'afaddena3@samsung.com', 'Female', 'Dominican Republic'),
(365, 'Ariel', 'Belchamp', 'abelchampa4@independent.co.uk', 'Male', 'Poland'),
(366, 'Catina', 'Dobrowolny', 'cdobrowolnya5@gov.uk', 'Female', 'China'),
(367, 'Theodore', 'Burburough', 'tburburougha6@thetimes.co.uk', 'Male', 'Ukraine'),
(368, 'Jessalyn', 'Turl', 'jturla7@cnbc.com', 'Non-binary', 'Sweden'),
(369, 'Aldrich', 'Tipper', 'atippera8@howstuffworks.com', 'Male', 'Colombia'),
(370, 'Dore', 'Keigher', 'dkeighera9@squidoo.com', 'Female', 'Morocco'),
(371, 'Emalee', 'Allchin', 'eallchinaa@addthis.com', 'Female', 'Indonesia'),
(372, 'Aguistin', 'Wintersgill', 'awintersgillab@myspace.com', 'Genderfluid', 'Colombia'),
(373, 'Joni', 'Caunter', 'jcaunterac@gizmodo.com', 'Female', 'Indonesia'),
(374, 'Arv', 'Hemms', 'ahemmsad@wordpress.com', 'Male', 'Russia'),
(375, 'Alfy', 'Pretti', 'aprettiae@google.es', 'Male', 'Colombia'),
(376, 'Clair', 'Rolls', 'crollsaf@digg.com', 'Female', 'Philippines'),
(377, 'Rebeka', 'Ormond', 'rormondag@ask.com', 'Genderfluid', 'Indonesia'),
(378, 'Benetta', 'Lidington', 'blidingtonah@irs.gov', 'Genderqueer', 'Indonesia'),
(379, 'Paddie', 'Dedam', 'pdedamai@economist.com', 'Male', 'Japan'),
(380, 'Glenn', 'Chawkley', 'gchawkleyaj@hhs.gov', 'Female', 'Sweden'),
(381, 'Christos', 'Tiesman', 'ctiesmanak@taobao.com', 'Male', 'Libya'),
(382, 'Chrisse', 'Hintze', 'chintzeal@blogs.com', 'Male', 'Nepal'),
(383, 'Arther', 'Sidaway', 'asidawayam@drupal.org', 'Male', 'Indonesia'),
(384, 'Deirdre', 'Attryde', 'dattrydean@icio.us', 'Female', 'China'),
(385, 'Ingmar', 'Loweth', 'ilowethao@vinaora.com', 'Agender', 'France'),
(386, 'Constancia', 'Withnall', 'cwithnallap@is.gd', 'Female', 'Russia'),
(387, 'Axe', 'Scotchmer', 'ascotchmeraq@webmd.com', 'Male', 'Indonesia'),
(388, 'Angelle', 'Rabb', 'arabbar@noaa.gov', 'Female', 'Czech Republic'),
(389, 'Peyton', 'Worsley', 'pworsleyas@goodreads.com', 'Male', 'Portugal'),
(390, 'Mandel', 'Waters', 'mwatersat@cpanel.net', 'Male', 'France'),
(391, 'Claudianus', 'Chartre', 'cchartreau@dyndns.org', 'Male', 'Portugal'),
(392, 'Ruthann', 'Goulborn', 'rgoulbornav@sitemeter.com', 'Female', 'Argentina'),
(393, 'Elvis', 'Joney', 'ejoneyaw@altervista.org', 'Male', 'Russia'),
(394, 'Clarinda', 'Mariette', 'cmarietteax@fema.gov', 'Female', 'Ukraine'),
(395, 'Denis', 'Buxcey', 'dbuxceyay@wikimedia.org', 'Male', 'Indonesia'),
(396, 'Dorena', 'Buller', 'dbulleraz@blog.com', 'Female', 'China'),
(397, 'Obadias', 'Padgett', 'opadgettb0@wikispaces.com', 'Male', 'Serbia'),
(398, 'Jan', 'Bosomworth', 'jbosomworthb1@webmd.com', 'Male', 'Ukraine'),
(399, 'Kimberlee', 'Sustins', 'ksustinsb2@cbsnews.com', 'Female', 'China'),
(400, 'Sully', 'Messam', 'smessamb3@people.com.cn', 'Male', 'Poland'),
(401, 'Cally', 'Millson', 'cmillsonb4@hatena.ne.jp', 'Non-binary', 'Indonesia'),
(402, 'Vivi', 'Fishlee', 'vfishleeb5@prlog.org', 'Female', 'Thailand'),
(403, 'Ranique', 'Livingstone', 'rlivingstoneb6@bloglines.com', 'Female', 'Bahrain'),
(404, 'Rene', 'McDonough', 'rmcdonoughb7@nsw.gov.au', 'Male', 'Poland'),
(405, 'Charita', 'Heikkinen', 'cheikkinenb8@tmall.com', 'Genderfluid', 'Kazakhstan'),
(406, 'Donella', 'Boulsher', 'dboulsherb9@springer.com', 'Female', 'Brazil'),
(407, 'Robby', 'Cansdall', 'rcansdallba@feedburner.com', 'Male', 'Slovenia'),
(408, 'Milt', 'Ponton', 'mpontonbb@macromedia.com', 'Male', 'Mongolia'),
(409, 'Gifford', 'Epinoy', 'gepinoybc@rediff.com', 'Male', 'Germany'),
(410, 'Oliy', 'Dimmock', 'odimmockbd@mediafire.com', 'Female', 'Brazil'),
(411, 'Broderic', 'Coverlyn', 'bcoverlynbe@newyorker.com', 'Male', 'Indonesia'),
(412, 'Boycie', 'Densie', 'bdensiebf@eepurl.com', 'Male', 'Australia'),
(413, 'Sylvan', 'Chetwynd', 'schetwyndbg@ebay.co.uk', 'Male', 'Morocco'),
(414, 'Jae', 'Metzing', 'jmetzingbh@networksolutions.com', 'Male', 'Mongolia'),
(415, 'Starr', 'Grollmann', 'sgrollmannbi@goo.ne.jp', 'Female', 'Indonesia'),
(416, 'Farley', 'Poynzer', 'fpoynzerbj@fastcompany.com', 'Male', 'Indonesia'),
(417, 'Annamarie', 'Barnet', 'abarnetbk@purevolume.com', 'Female', 'China'),
(418, 'Dev', 'Abley', 'dableybl@huffingtonpost.com', 'Male', 'Russia'),
(419, 'Glennie', 'Boshere', 'gbosherebm@slate.com', 'Female', 'China'),
(420, 'Brandy', 'Clink', 'bclinkbn@clickbank.net', 'Male', 'Ghana'),
(421, 'Jean', 'Brumhead', 'jbrumheadbo@comcast.net', 'Female', 'Malawi'),
(422, 'Aguste', 'Biskupiak', 'abiskupiakbp@imdb.com', 'Male', 'Mexico'),
(423, 'Sydel', 'Francombe', 'sfrancombebq@pen.io', 'Female', 'Sweden'),
(424, 'Opal', 'Kemmett', 'okemmettbr@stanford.edu', 'Polygender', 'Honduras'),
(425, 'Katina', 'Rankcom', 'krankcombs@youku.com', 'Genderfluid', 'Thailand'),
(426, 'Annecorinne', 'Van Weedenburg', 'avanweedenburgbt@gravatar.com', 'Female', 'Indonesia'),
(427, 'Ilse', 'Iliff', 'iiliffbu@hexun.com', 'Female', 'Philippines'),
(428, 'Burgess', 'Todhunter', 'btodhunterbv@ucsd.edu', 'Male', 'Finland'),
(429, 'Alain', 'McColley', 'amccolleybw@tamu.edu', 'Male', 'Pakistan'),
(430, 'Morley', 'Valentin', 'mvalentinbx@jigsy.com', 'Male', 'Japan'),
(431, 'Hillary', 'Andric', 'handricby@usnews.com', 'Male', 'Russia'),
(432, 'Elyse', 'Reef', 'ereefbz@yellowpages.com', 'Female', 'Russia'),
(433, 'Ortensia', 'Jurisic', 'ojurisicc0@yahoo.com', 'Genderqueer', 'China'),
(434, 'Vonnie', 'Acey', 'vaceyc1@usnews.com', 'Genderfluid', 'Colombia'),
(435, 'Dalis', 'Cupitt', 'dcupittc2@imgur.com', 'Male', 'Portugal'),
(436, 'Brendin', 'Airy', 'bairyc3@facebook.com', 'Male', 'Indonesia'),
(437, 'Orion', 'Reast', 'oreastc4@vkontakte.ru', 'Male', 'China'),
(438, 'Koenraad', 'Rackam', 'krackamc5@zimbio.com', 'Male', 'China'),
(439, 'Stefano', 'Goodhay', 'sgoodhayc6@mail.ru', 'Male', 'Netherlands'),
(440, 'Valentino', 'Vallender', 'vvallenderc7@cafepress.com', 'Male', 'Brazil'),
(441, 'Karoly', 'Marty', 'kmartyc8@miibeian.gov.cn', 'Female', 'Indonesia'),
(442, 'Mae', 'Belden', 'mbeldenc9@techcrunch.com', 'Female', 'China'),
(443, 'Leo', 'Minchell', 'lminchellca@discuz.net', 'Male', 'United States'),
(444, 'Malvin', 'Maestro', 'mmaestrocb@wikimedia.org', 'Male', 'Vietnam'),
(445, 'Sam', 'Gillanders', 'sgillanderscc@youtube.com', 'Female', 'France'),
(446, 'Jessi', 'Freear', 'jfreearcd@europa.eu', 'Female', 'Japan'),
(447, 'Yale', 'Delnevo', 'ydelnevoce@yellowbook.com', 'Male', 'Indonesia'),
(448, 'Ab', 'Holborn', 'aholborncf@skype.com', 'Male', 'Trinidad and Tobago'),
(449, 'Yuma', 'Crotty', 'ycrottycg@t-online.de', 'Male', 'Thailand'),
(450, 'Cory', 'Jodrelle', 'cjodrellech@storify.com', 'Female', 'Uzbekistan'),
(451, 'Taffy', 'Gilbanks', 'tgilbanksci@nbcnews.com', 'Female', 'Faroe Islands'),
(452, 'Bert', 'Ocheltree', 'bocheltreecj@hp.com', 'Bigender', 'China'),
(453, 'Audra', 'Moukes', 'amoukesck@aboutads.info', 'Polygender', 'Czech Republic'),
(454, 'Conney', 'Thirkettle', 'cthirkettlecl@adobe.com', 'Male', 'Italy'),
(455, 'Zsa zsa', 'Kilmartin', 'zkilmartincm@vinaora.com', 'Female', 'Chile'),
(456, 'Arny', 'Sprules', 'asprulescn@usatoday.com', 'Male', 'Argentina'),
(457, 'Tiphani', 'Liebrecht', 'tliebrechtco@psu.edu', 'Female', 'Ireland'),
(458, 'Filippa', 'Danick', 'fdanickcp@bizjournals.com', 'Female', 'Brazil'),
(459, 'Melvyn', 'Goskar', 'mgoskarcq@meetup.com', 'Male', 'Indonesia'),
(460, 'Leigh', 'Pautot', 'lpautotcr@npr.org', 'Male', 'China'),
(461, 'Gary', 'Poppleton', 'gpoppletoncs@instagram.com', 'Male', 'China'),
(462, 'Orelee', 'Patten', 'opattenct@opera.com', 'Female', 'Russia'),
(463, 'Abby', 'Joanaud', 'ajoanaudcu@noaa.gov', 'Male', 'United States'),
(464, 'Leila', 'Vicent', 'lvicentcv@abc.net.au', 'Agender', 'Greece'),
(465, 'Marcille', 'Mattinson', 'mmattinsoncw@purevolume.com', 'Female', 'Costa Rica'),
(466, 'Stephanus', 'Pyffe', 'spyffecx@ameblo.jp', 'Male', 'China'),
(467, 'Selby', 'O\'Bradain', 'sobradaincy@chicagotribune.com', 'Male', 'Morocco'),
(468, 'Conway', 'Brownsea', 'cbrownseacz@princeton.edu', 'Male', 'China'),
(469, 'Katrine', 'Struan', 'kstruand0@cnet.com', 'Female', 'Japan'),
(470, 'Charleen', 'Sawtell', 'csawtelld1@youtube.com', 'Female', 'Nigeria'),
(471, 'Traver', 'Yellop', 'tyellopd2@si.edu', 'Male', 'Zambia'),
(472, 'Ab', 'Pestor', 'apestord3@marketwatch.com', 'Male', 'Zimbabwe'),
(473, 'Kendal', 'Hemstead', 'khemsteadd4@google.nl', 'Male', 'Sweden'),
(474, 'Brittni', 'Silcocks', 'bsilcocksd5@icio.us', 'Female', 'Ivory Coast'),
(475, 'Idalina', 'Kelleway', 'ikellewayd6@jiathis.com', 'Female', 'China'),
(476, 'Bernardo', 'Havers', 'bhaversd7@vkontakte.ru', 'Male', 'Indonesia'),
(477, 'Tish', 'Golborn', 'tgolbornd8@edublogs.org', 'Female', 'Mali'),
(478, 'Orlan', 'Storcke', 'ostorcked9@stumbleupon.com', 'Male', 'Russia'),
(479, 'Duffie', 'Lindenberg', 'dlindenbergda@php.net', 'Male', 'Philippines'),
(480, 'Clyde', 'Alderson', 'caldersondb@163.com', 'Male', 'Philippines'),
(481, 'Napoleon', 'MacCart', 'nmaccartdc@gov.uk', 'Male', 'Iran'),
(482, 'Kaile', 'Blades', 'kbladesdd@auda.org.au', 'Female', 'Indonesia'),
(483, 'Giuditta', 'Juszkiewicz', 'gjuszkiewiczde@digg.com', 'Female', 'Indonesia'),
(484, 'Sal', 'Pearn', 'spearndf@java.com', 'Female', 'Mauritius'),
(485, 'Joshuah', 'Klimochkin', 'jklimochkindg@exblog.jp', 'Male', 'Israel'),
(486, 'Deborah', 'Bosence', 'dbosencedh@csmonitor.com', 'Female', 'Thailand'),
(487, 'Micheil', 'McVey', 'mmcveydi@twitter.com', 'Male', 'Moldova'),
(488, 'Freedman', 'Nibloe', 'fnibloedj@amazon.co.uk', 'Male', 'United States'),
(489, 'Giusto', 'Howett', 'ghowettdk@si.edu', 'Male', 'Nepal'),
(490, 'Brannon', 'Kitchingman', 'bkitchingmandl@time.com', 'Male', 'Russia'),
(491, 'Quintin', 'Face', 'qfacedm@mapy.cz', 'Male', 'France'),
(492, 'Aeriell', 'Herley', 'aherleydn@psu.edu', 'Female', 'France'),
(493, 'Corbett', 'Escolme', 'cescolmedo@com.com', 'Male', 'Peru'),
(494, 'Dwayne', 'Goulbourn', 'dgoulbourndp@fda.gov', 'Male', 'Indonesia'),
(495, 'Rowe', 'Pagitt', 'rpagittdq@pbs.org', 'Female', 'China'),
(496, 'Brena', 'Belton', 'bbeltondr@pinterest.com', 'Female', 'Indonesia'),
(497, 'Mason', 'Rissom', 'mrissomds@nymag.com', 'Male', 'China'),
(498, 'Almeda', 'Thick', 'athickdt@ovh.net', 'Female', 'Indonesia'),
(499, 'Arthur', 'Verman', 'avermandu@vkontakte.ru', 'Male', 'Portugal'),
(500, 'Farley', 'Timblett', 'ftimblettdv@goodreads.com', 'Male', 'Indonesia'),
(501, 'Shelli', 'Goad', 'sgoaddw@ted.com', 'Female', 'Germany'),
(502, 'Hillel', 'Castagno', 'hcastagnodx@webeden.co.uk', 'Male', 'Indonesia'),
(503, 'Alric', 'Crebott', 'acrebottdy@paginegialle.it', 'Male', 'Japan'),
(504, 'Jacquie', 'Rusted', 'jrusteddz@oakley.com', 'Agender', 'Russia'),
(505, 'Timmy', 'Dimitriades', 'tdimitriadese0@ow.ly', 'Female', 'Mauritius'),
(506, 'Ellswerth', 'Stefi', 'estefie1@google.co.uk', 'Genderqueer', 'France'),
(507, 'Stefa', 'Govinlock', 'sgovinlocke2@theguardian.com', 'Female', 'Ukraine'),
(508, 'Sandye', 'Thurlbourne', 'sthurlbournee3@salon.com', 'Female', 'Canada'),
(509, 'Emmi', 'Twelftree', 'etwelftreee4@who.int', 'Female', 'Philippines'),
(510, 'Cody', 'Murrow', 'cmurrowe5@mlb.com', 'Female', 'Indonesia'),
(511, 'Ashleigh', 'Zini', 'azinie6@deliciousdays.com', 'Female', 'Egypt'),
(512, 'Hildegaard', 'Wraggs', 'hwraggse7@mit.edu', 'Female', 'United Kingdom'),
(513, 'Cass', 'Beurich', 'cbeuriche8@answers.com', 'Bigender', 'Portugal'),
(514, 'Mathe', 'Yegorchenkov', 'myegorchenkove9@google.ru', 'Male', 'South Africa'),
(515, 'Marve', 'Brewood', 'mbrewoodea@bloglovin.com', 'Male', 'Colombia'),
(516, 'Ralph', 'Wakeling', 'rwakelingeb@about.com', 'Male', 'China'),
(517, 'Kelvin', 'Hessle', 'khessleec@va.gov', 'Male', 'Philippines'),
(518, 'Currey', 'Stuehmeier', 'cstuehmeiered@yale.edu', 'Male', 'Latvia'),
(519, 'Marketa', 'Merwood', 'mmerwoodee@nps.gov', 'Female', 'New Zealand'),
(520, 'Idaline', 'Kundert', 'ikundertef@furl.net', 'Female', 'China'),
(521, 'Adams', 'Bramo', 'abramoeg@pagesperso-orange.fr', 'Male', 'United States'),
(522, 'Cass', 'Shawyer', 'cshawyereh@sogou.com', 'Male', 'Indonesia'),
(523, 'Alano', 'Brophy', 'abrophyei@nasa.gov', 'Male', 'France'),
(524, 'Kristi', 'Leppo', 'kleppoej@ucsd.edu', 'Female', 'Mali'),
(525, 'Beatrice', 'Brewett', 'bbrewettek@dagondesign.com', 'Female', 'Russia'),
(526, 'Zandra', 'Armin', 'zarminel@dedecms.com', 'Female', 'Czech Republic'),
(527, 'Lonny', 'Berney', 'lberneyem@accuweather.com', 'Male', 'China'),
(528, 'Audre', 'Sanson', 'asansonen@icq.com', 'Female', 'Brazil'),
(529, 'Tailor', 'Huggen', 'thuggeneo@cargocollective.com', 'Male', 'Portugal'),
(530, 'Vania', 'Hoodspeth', 'vhoodspethep@patch.com', 'Female', 'Indonesia'),
(531, 'Carri', 'Lissett', 'clissetteq@chicagotribune.com', 'Female', 'Colombia'),
(532, 'Sergio', 'Rattry', 'srattryer@tripadvisor.com', 'Male', 'Brazil'),
(533, 'Haydon', 'Camings', 'hcamingses@a8.net', 'Male', 'Nigeria'),
(534, 'Anitra', 'Hounsome', 'ahounsomeet@weibo.com', 'Female', 'Greece'),
(535, 'Meta', 'Siaskowski', 'msiaskowskieu@reference.com', 'Polygender', 'China'),
(536, 'Asher', 'Monteith', 'amonteithev@clickbank.net', 'Male', 'Afghanistan'),
(537, 'Olympia', 'Courtese', 'ocourteseew@livejournal.com', 'Female', 'Czech Republic'),
(538, 'Vivia', 'Polino', 'vpolinoex@army.mil', 'Female', 'Brazil'),
(539, 'Raye', 'Budge', 'rbudgeey@imdb.com', 'Female', 'France'),
(540, 'Christen', 'Casbolt', 'ccasboltez@shinystat.com', 'Female', 'China'),
(541, 'Moll', 'Vardey', 'mvardeyf0@dailymail.co.uk', 'Female', 'Israel'),
(542, 'Hermy', 'Glencorse', 'hglencorsef1@123-reg.co.uk', 'Bigender', 'Czech Republic'),
(543, 'Ignaz', 'Lack', 'ilackf2@trellian.com', 'Male', 'Russia'),
(544, 'Olenka', 'Peterson', 'opetersonf3@nih.gov', 'Female', 'Latvia'),
(545, 'Florentia', 'Isley', 'fisleyf4@theglobeandmail.com', 'Female', 'Ukraine'),
(546, 'Wilt', 'Mecozzi', 'wmecozzif5@ezinearticles.com', 'Male', 'Serbia'),
(547, 'Zola', 'Lembrick', 'zlembrickf6@auda.org.au', 'Female', 'Uganda'),
(548, 'Tandi', 'Bowring', 'tbowringf7@wufoo.com', 'Female', 'Armenia'),
(549, 'Marv', 'Hallyburton', 'mhallyburtonf8@zimbio.com', 'Male', 'Canada'),
(550, 'Josephine', 'Balogh', 'jbaloghf9@taobao.com', 'Female', 'Poland'),
(551, 'Meredithe', 'Perri', 'mperrifa@forbes.com', 'Female', 'French Southern Territories'),
(552, 'Gus', 'Manlow', 'gmanlowfb@zimbio.com', 'Female', 'Nigeria'),
(553, 'Onofredo', 'Wathan', 'owathanfc@samsung.com', 'Male', 'Greece'),
(554, 'Annadiane', 'Farlane', 'afarlanefd@mashable.com', 'Female', 'Thailand'),
(555, 'Alida', 'Gatteridge', 'agatteridgefe@cdbaby.com', 'Polygender', 'Ukraine'),
(556, 'Godiva', 'Strank', 'gstrankff@simplemachines.org', 'Female', 'Palestinian Territory'),
(557, 'Konrad', 'Jenson', 'kjensonfg@cdc.gov', 'Male', 'Philippines'),
(558, 'Carry', 'Want', 'cwantfh@xing.com', 'Female', 'China'),
(559, 'Ivett', 'Lewisham', 'ilewishamfi@census.gov', 'Female', 'Honduras'),
(560, 'Isak', 'Tamburi', 'itamburifj@webnode.com', 'Male', 'China'),
(561, 'Justino', 'Kleinplac', 'jkleinplacfk@slideshare.net', 'Male', 'China'),
(562, 'Rosalinde', 'Morilla', 'rmorillafl@redcross.org', 'Female', 'Brazil'),
(563, 'Elladine', 'Baribal', 'ebaribalfm@answers.com', 'Female', 'Ukraine'),
(564, 'Gypsy', 'Spinello', 'gspinellofn@goodreads.com', 'Female', 'China'),
(565, 'Nellie', 'Stronge', 'nstrongefo@webs.com', 'Female', 'China'),
(566, 'Sadie', 'Grieveson', 'sgrievesonfp@google.nl', 'Female', 'Colombia'),
(567, 'Blaire', 'Cornall', 'bcornallfq@deliciousdays.com', 'Polygender', 'China'),
(568, 'Jaymee', 'Areles', 'jarelesfr@unblog.fr', 'Female', 'Netherlands'),
(569, 'Camila', 'Conkay', 'cconkayfs@paypal.com', 'Female', 'Russia'),
(570, 'Walsh', 'Fernando', 'wfernandoft@icq.com', 'Male', 'Czech Republic'),
(571, 'Pen', 'Mogridge', 'pmogridgefu@miibeian.gov.cn', 'Male', 'Indonesia'),
(572, 'Hadley', 'O\' Loughran', 'holoughranfv@networksolutions.com', 'Male', 'China'),
(573, 'Reggy', 'Hurdedge', 'rhurdedgefw@google.nl', 'Male', 'Albania'),
(574, 'Justen', 'Paoloni', 'jpaolonifx@icio.us', 'Male', 'South Africa'),
(575, 'Elita', 'Hechlin', 'ehechlinfy@jiathis.com', 'Female', 'Indonesia'),
(576, 'Gabby', 'Nettleship', 'gnettleshipfz@godaddy.com', 'Male', 'South Africa'),
(577, 'Lyndell', 'Thorbon', 'lthorbong0@globo.com', 'Female', 'China'),
(578, 'Sileas', 'Pryer', 'spryerg1@fda.gov', 'Female', 'Bolivia'),
(579, 'Hazlett', 'Beddie', 'hbeddieg2@infoseek.co.jp', 'Male', 'Niger'),
(580, 'Issy', 'Whye', 'iwhyeg3@devhub.com', 'Female', 'Russia'),
(581, 'Ax', 'Bainton', 'abaintong4@unblog.fr', 'Bigender', 'Russia'),
(582, 'Harrietta', 'Schrinel', 'hschrinelg5@istockphoto.com', 'Female', 'Argentina'),
(583, 'Lindy', 'Rehor', 'lrehorg6@zimbio.com', 'Male', 'France'),
(584, 'Joell', 'Perdue', 'jperdueg7@shutterfly.com', 'Female', 'Zambia'),
(585, 'Kiel', 'Epsly', 'kepslyg8@amazon.de', 'Male', 'China'),
(586, 'Odilia', 'Bertelsen', 'obertelseng9@bloomberg.com', 'Female', 'United States'),
(587, 'Jefferson', 'Drowsfield', 'jdrowsfieldga@theguardian.com', 'Male', 'Portugal'),
(588, 'Ric', 'Loughran', 'rloughrangb@marketwatch.com', 'Male', 'Indonesia'),
(589, 'Flem', 'Hames', 'fhamesgc@google.de', 'Male', 'China'),
(590, 'Eleen', 'Jocic', 'ejocicgd@opera.com', 'Female', 'United States'),
(591, 'Jennee', 'Bannerman', 'jbannermange@com.com', 'Female', 'Poland'),
(592, 'Elizabeth', 'Imeson', 'eimesongf@deviantart.com', 'Female', 'Norway'),
(593, 'Felizio', 'Tackle', 'ftacklegg@economist.com', 'Male', 'Indonesia'),
(594, 'Alyda', 'Bourdel', 'abourdelgh@jugem.jp', 'Female', 'Indonesia'),
(595, 'Rocky', 'Menham', 'rmenhamgi@army.mil', 'Genderfluid', 'Switzerland'),
(596, 'Reid', 'Doelle', 'rdoellegj@cloudflare.com', 'Male', 'China'),
(597, 'Sig', 'Gannicott', 'sgannicottgk@washingtonpost.com', 'Male', 'Russia'),
(598, 'Bree', 'Allbut', 'ballbutgl@fotki.com', 'Female', 'China'),
(599, 'Humfrid', 'Croal', 'hcroalgm@google.de', 'Male', 'Iran'),
(600, 'Rubia', 'Cathesyed', 'rcathesyedgn@studiopress.com', 'Female', 'Cameroon'),
(601, 'Gerhardt', 'Sale', 'gsalego@cbslocal.com', 'Male', 'France'),
(602, 'Mira', 'Wadeling', 'mwadelinggp@nymag.com', 'Polygender', 'Morocco'),
(603, 'Finlay', 'Goggen', 'fgoggengq@hubpages.com', 'Genderfluid', 'Swaziland'),
(604, 'Ellerey', 'Iles', 'eilesgr@netlog.com', 'Male', 'Norway'),
(605, 'Melanie', 'Harmon', 'mharmongs@dot.gov', 'Female', 'Sweden'),
(606, 'Jeremy', 'Blondell', 'jblondellgt@behance.net', 'Male', 'Philippines'),
(607, 'Cobbie', 'Earles', 'cearlesgu@goo.ne.jp', 'Male', 'Indonesia'),
(608, 'Erinn', 'Landsborough', 'elandsboroughgv@va.gov', 'Female', 'Zambia'),
(609, 'Alva', 'Hanning', 'ahanninggw@cnn.com', 'Male', 'Colombia'),
(610, 'Gardner', 'Vanyushkin', 'gvanyushkingx@uiuc.edu', 'Male', 'Philippines'),
(611, 'Jeffie', 'Antognoni', 'jantognonigy@hexun.com', 'Male', 'Bosnia and Herzegovina'),
(612, 'Antoni', 'Viscovi', 'aviscovigz@aol.com', 'Male', 'Burundi'),
(613, 'Edsel', 'Coxhead', 'ecoxheadh0@epa.gov', 'Male', 'China'),
(614, 'Melamie', 'Croome', 'mcroomeh1@webeden.co.uk', 'Female', 'Indonesia'),
(615, 'Aloise', 'Hargroves', 'ahargrovesh2@printfriendly.com', 'Female', 'Russia'),
(616, 'Layney', 'Matzeitis', 'lmatzeitish3@google.com.br', 'Female', 'Ireland'),
(617, 'Olympia', 'Sharrard', 'osharrardh4@youku.com', 'Female', 'China'),
(618, 'Guilbert', 'Dincke', 'gdinckeh5@google.it', 'Male', 'Myanmar'),
(619, 'Shell', 'Dutch', 'sdutchh6@topsy.com', 'Male', 'France'),
(620, 'Minnaminnie', 'Drinkeld', 'mdrinkeldh7@amazon.co.jp', 'Female', 'Croatia'),
(621, 'Odo', 'Hryncewicz', 'ohryncewiczh8@shareasale.com', 'Male', 'China'),
(622, 'Christos', 'Jenks', 'cjenksh9@skype.com', 'Male', 'China'),
(623, 'Onofredo', 'Halsall', 'ohalsallha@webmd.com', 'Male', 'Canada'),
(624, 'Elinore', 'Monks', 'emonkshb@virginia.edu', 'Female', 'Afghanistan'),
(625, 'Abbie', 'Pechet', 'apechethc@rakuten.co.jp', 'Male', 'Sweden'),
(626, 'Renie', 'Windsor', 'rwindsorhd@constantcontact.com', 'Female', 'Poland'),
(627, 'Burke', 'Clancey', 'bclanceyhe@freewebs.com', 'Male', 'Indonesia'),
(628, 'Nerti', 'Beardsworth', 'nbeardsworthhf@csmonitor.com', 'Female', 'Japan'),
(629, 'Denice', 'McPaik', 'dmcpaikhg@nytimes.com', 'Female', 'France'),
(630, 'Ware', 'Martins', 'wmartinshh@hugedomains.com', 'Male', 'Mexico'),
(631, 'Mohandis', 'Tampling', 'mtamplinghi@mozilla.com', 'Male', 'Philippines'),
(632, 'Clyde', 'Folcarelli', 'cfolcarellihj@storify.com', 'Male', 'Lithuania'),
(633, 'Tam', 'Longhorn', 'tlonghornhk@webs.com', 'Polygender', 'Japan'),
(634, 'Lonnard', 'Menico', 'lmenicohl@tinypic.com', 'Male', 'Guatemala'),
(635, 'Skipton', 'Priscott', 'spriscotthm@sun.com', 'Male', 'Senegal'),
(636, 'Karoline', 'Patek', 'kpatekhn@walmart.com', 'Female', 'Russia'),
(637, 'Aksel', 'Gilmore', 'agilmoreho@privacy.gov.au', 'Male', 'Chile'),
(638, 'Shepperd', 'Bordessa', 'sbordessahp@ted.com', 'Male', 'Philippines'),
(639, 'Wadsworth', 'Danick', 'wdanickhq@tiny.cc', 'Male', 'China'),
(640, 'Hammad', 'Verring', 'hverringhr@gnu.org', 'Male', 'Mongolia'),
(641, 'Jo-ann', 'Barker', 'jbarkerhs@infoseek.co.jp', 'Female', 'South Africa'),
(642, 'Fred', 'Shoebridge', 'fshoebridgeht@nps.gov', 'Polygender', 'Vietnam'),
(643, 'Vania', 'Winram', 'vwinramhu@lulu.com', 'Female', 'Tanzania'),
(644, 'Lilllie', 'Beazey', 'lbeazeyhv@google.de', 'Female', 'Indonesia'),
(645, 'Delainey', 'Janaud', 'djanaudhw@amazon.co.jp', 'Male', 'China'),
(646, 'Madella', 'MacConnechie', 'mmacconnechiehx@dion.ne.jp', 'Female', 'Indonesia'),
(647, 'Gilles', 'Lawling', 'glawlinghy@illinois.edu', 'Male', 'United States'),
(648, 'Sheeree', 'Leif', 'sleifhz@earthlink.net', 'Female', 'China'),
(649, 'Sibley', 'Westerman', 'swestermani0@hexun.com', 'Female', 'Indonesia'),
(650, 'Charlean', 'Nissle', 'cnisslei1@ask.com', 'Female', 'China'),
(651, 'Sigmund', 'Bushby', 'sbushbyi2@nih.gov', 'Male', 'China'),
(652, 'Maggy', 'Bestar', 'mbestari3@dagondesign.com', 'Female', 'Russia'),
(653, 'Jocelyn', 'Josum', 'jjosumi4@bravesites.com', 'Female', 'China'),
(654, 'Ardeen', 'Churchward', 'achurchwardi5@wix.com', 'Female', 'Poland'),
(655, 'Merl', 'Tillot', 'mtilloti6@accuweather.com', 'Female', 'Poland'),
(656, 'Shelley', 'Keri', 'skerii7@ox.ac.uk', 'Male', 'Ethiopia'),
(657, 'Daryl', 'Sprason', 'dsprasoni8@youtube.com', 'Female', 'Croatia'),
(658, 'Cathrine', 'Danson', 'cdansoni9@sciencedirect.com', 'Female', 'Brazil'),
(659, 'Elijah', 'Pippin', 'epippinia@printfriendly.com', 'Male', 'China'),
(660, 'Cass', 'Connop', 'cconnopib@google.cn', 'Genderqueer', 'Brazil'),
(661, 'Durante', 'MacCracken', 'dmaccrackenic@ifeng.com', 'Male', 'Mozambique'),
(662, 'Andrus', 'Stewart', 'astewartid@sciencedirect.com', 'Male', 'Guam'),
(663, 'Yoshi', 'Treversh', 'ytrevershie@twitpic.com', 'Female', 'Czech Republic'),
(664, 'Vinnie', 'Rutland', 'vrutlandif@surveymonkey.com', 'Male', 'Indonesia'),
(665, 'Robinet', 'Waycot', 'rwaycotig@tinyurl.com', 'Male', 'Russia'),
(666, 'Donna', 'Lunny', 'dlunnyih@imdb.com', 'Female', 'Indonesia'),
(667, 'Esmaria', 'Kahane', 'ekahaneii@comcast.net', 'Female', 'Iraq'),
(668, 'Grissel', 'Habgood', 'ghabgoodij@shutterfly.com', 'Female', 'Indonesia'),
(669, 'Neila', 'Cotherill', 'ncotherillik@t.co', 'Female', 'Indonesia'),
(670, 'Fiona', 'Mynard', 'fmynardil@fotki.com', 'Female', 'China'),
(671, 'Coral', 'Ragat', 'cragatim@sakura.ne.jp', 'Female', 'Philippines'),
(672, 'Jillana', 'Dulen', 'jdulenin@zimbio.com', 'Female', 'Peru'),
(673, 'Desmond', 'Vigurs', 'dvigursio@microsoft.com', 'Male', 'Canada'),
(674, 'Werner', 'Morhall', 'wmorhallip@cpanel.net', 'Male', 'Indonesia'),
(675, 'Silva', 'Cummungs', 'scummungsiq@shinystat.com', 'Female', 'Russia'),
(676, 'Reginauld', 'Donaway', 'rdonawayir@addtoany.com', 'Male', 'Russia'),
(677, 'Terry', 'Geggus', 'tgeggusis@bing.com', 'Male', 'China'),
(678, 'Pam', 'Regi', 'pregiit@google.ru', 'Agender', 'Paraguay'),
(679, 'Caralie', 'Bonass', 'cbonassiu@stanford.edu', 'Female', 'Russia'),
(680, 'Yolande', 'Philpott', 'yphilpottiv@xrea.com', 'Female', 'China'),
(681, 'Halsy', 'Iglesia', 'higlesiaiw@smugmug.com', 'Male', 'Ukraine'),
(682, 'Kris', 'Lelievre', 'klelievreix@usatoday.com', 'Female', 'China'),
(683, 'Claire', 'Yashunin', 'cyashuniniy@harvard.edu', 'Male', 'Portugal'),
(684, 'Letta', 'Toffel', 'ltoffeliz@domainmarket.com', 'Female', 'Portugal'),
(685, 'Sarah', 'Winterbottom', 'swinterbottomj0@mit.edu', 'Female', 'Indonesia');
INSERT INTO `clients` (`id`, `first_name`, `last_name`, `email`, `gender`, `country`) VALUES
(686, 'Omar', 'Dungate', 'odungatej1@nhs.uk', 'Male', 'China'),
(687, 'Nappie', 'Rathbourne', 'nrathbournej2@china.com.cn', 'Male', 'China'),
(688, 'Leah', 'Mabbitt', 'lmabbittj3@si.edu', 'Female', 'Argentina'),
(689, 'Siward', 'Fiddeman', 'sfiddemanj4@springer.com', 'Male', 'Iran'),
(690, 'Whittaker', 'Lazell', 'wlazellj5@scientificamerican.com', 'Male', 'Philippines'),
(691, 'Thatch', 'Coldridge', 'tcoldridgej6@jalbum.net', 'Male', 'Serbia'),
(692, 'Herby', 'Keighley', 'hkeighleyj7@pinterest.com', 'Male', 'China'),
(693, 'Hagen', 'Calley', 'hcalleyj8@flavors.me', 'Non-binary', 'China'),
(694, 'Enrika', 'Baythorp', 'ebaythorpj9@histats.com', 'Female', 'Pakistan'),
(695, 'Creigh', 'Dranfield', 'cdranfieldja@newyorker.com', 'Male', 'Indonesia'),
(696, 'Ginni', 'Checcuzzi', 'gcheccuzzijb@newsvine.com', 'Female', 'China'),
(697, 'Conchita', 'Pitbladdo', 'cpitbladdojc@china.com.cn', 'Female', 'Brazil'),
(698, 'Christoffer', 'Huebner', 'chuebnerjd@1688.com', 'Male', 'Canada'),
(699, 'Bambie', 'Swafford', 'bswaffordje@cisco.com', 'Female', 'China'),
(700, 'Ellen', 'Huntar', 'ehuntarjf@sogou.com', 'Female', 'Russia'),
(701, 'Kristian', 'Toquet', 'ktoquetjg@bloglovin.com', 'Male', 'Syria'),
(702, 'Clare', 'Hurne', 'churnejh@webnode.com', 'Female', 'Croatia'),
(703, 'Vaughan', 'Slemmonds', 'vslemmondsji@studiopress.com', 'Male', 'China'),
(704, 'Georas', 'Caiger', 'gcaigerjj@miibeian.gov.cn', 'Male', 'Indonesia'),
(705, 'Alano', 'Baiden', 'abaidenjk@techcrunch.com', 'Male', 'China'),
(706, 'Raffaello', 'Gerardi', 'rgerardijl@so-net.ne.jp', 'Male', 'Mauritius'),
(707, 'Anderson', 'Baselli', 'abasellijm@virginia.edu', 'Male', 'United States'),
(708, 'Ingamar', 'Lucia', 'iluciajn@baidu.com', 'Male', 'South Africa'),
(709, 'Domenic', 'Lalor', 'dlalorjo@wiley.com', 'Male', 'Vietnam'),
(710, 'Ozzy', 'Endrici', 'oendricijp@jiathis.com', 'Male', 'Poland'),
(711, 'Anne-marie', 'Terren', 'aterrenjq@yelp.com', 'Female', 'Norway'),
(712, 'Bertha', 'Pont', 'bpontjr@hao123.com', 'Female', 'China'),
(713, 'Averil', 'Fearns', 'afearnsjs@shutterfly.com', 'Male', 'Finland'),
(714, 'Frederica', 'Larrosa', 'flarrosajt@bbc.co.uk', 'Female', 'Indonesia'),
(715, 'Ryon', 'Taffarello', 'rtaffarelloju@myspace.com', 'Male', 'Czech Republic'),
(716, 'Rhiamon', 'Duffree', 'rduffreejv@plala.or.jp', 'Female', 'Brazil'),
(717, 'Jo', 'Shimuk', 'jshimukjw@naver.com', 'Female', 'Tajikistan'),
(718, 'Goldie', 'Easman', 'geasmanjx@businessweek.com', 'Female', 'Portugal'),
(719, 'Haleigh', 'Limming', 'hlimmingjy@google.com.br', 'Female', 'Russia'),
(720, 'Ingmar', 'Couchman', 'icouchmanjz@shareasale.com', 'Male', 'Ukraine'),
(721, 'Karalynn', 'Keuning', 'kkeuningk0@cdbaby.com', 'Female', 'Indonesia'),
(722, 'Anatole', 'Earsman', 'aearsmank1@marriott.com', 'Male', 'Indonesia'),
(723, 'Vin', 'Chasson', 'vchassonk2@canalblog.com', 'Male', 'Brazil'),
(724, 'Hedi', 'Orrey', 'horreyk3@constantcontact.com', 'Polygender', 'Indonesia'),
(725, 'Mariellen', 'Blessed', 'mblessedk4@google.com', 'Female', 'Honduras'),
(726, 'Rorke', 'Brawn', 'rbrawnk5@loc.gov', 'Genderfluid', 'Indonesia'),
(727, 'Joycelin', 'Sante', 'jsantek6@domainmarket.com', 'Polygender', 'Indonesia'),
(728, 'Lolita', 'Terrington', 'lterringtonk7@smh.com.au', 'Female', 'Czech Republic'),
(729, 'Thadeus', 'Doleman', 'tdolemank8@diigo.com', 'Male', 'China'),
(730, 'Farrel', 'Claxson', 'fclaxsonk9@slate.com', 'Male', 'Turks and Caicos Islands'),
(731, 'Abelard', 'Gianulli', 'agianullika@redcross.org', 'Male', 'Iran'),
(732, 'Kally', 'Carrabot', 'kcarrabotkb@macromedia.com', 'Female', 'United States'),
(733, 'Tomas', 'Piburn', 'tpiburnkc@toplist.cz', 'Male', 'Poland'),
(734, 'Valli', 'Gooday', 'vgoodaykd@linkedin.com', 'Female', 'China'),
(735, 'Dorisa', 'Tendahl', 'dtendahlke@ustream.tv', 'Female', 'Tajikistan'),
(736, 'Irita', 'Garr', 'igarrkf@illinois.edu', 'Female', 'France'),
(737, 'Winny', 'Latliff', 'wlatliffkg@booking.com', 'Female', 'Lebanon'),
(738, 'Neron', 'Calder', 'ncalderkh@cam.ac.uk', 'Male', 'Russia'),
(739, 'Walther', 'Titheridge', 'wtitheridgeki@infoseek.co.jp', 'Male', 'Philippines'),
(740, 'Mata', 'Woan', 'mwoankj@infoseek.co.jp', 'Male', 'South Sudan'),
(741, 'Joy', 'Mursell', 'jmursellkk@nymag.com', 'Female', 'Russia'),
(742, 'Aldrich', 'Cobb', 'acobbkl@dedecms.com', 'Male', 'Sweden'),
(743, 'Kristin', 'Leadbetter', 'kleadbetterkm@edublogs.org', 'Female', 'Morocco'),
(744, 'Keir', 'McManus', 'kmcmanuskn@europa.eu', 'Genderfluid', 'China'),
(745, 'Doralin', 'Dailey', 'ddaileyko@purevolume.com', 'Female', 'Germany'),
(746, 'Corrie', 'Yandell', 'cyandellkp@google.ru', 'Male', 'Philippines'),
(747, 'Sholom', 'Mannion', 'smannionkq@last.fm', 'Male', 'Indonesia'),
(748, 'Conan', 'Elster', 'celsterkr@spiegel.de', 'Agender', 'Indonesia'),
(749, 'Karyl', 'Panther', 'kpantherks@yellowbook.com', 'Female', 'Benin'),
(750, 'Grace', 'Koppes', 'gkoppeskt@hexun.com', 'Female', 'Philippines'),
(751, 'Consuela', 'Taggett', 'ctaggettku@paypal.com', 'Female', 'Poland'),
(752, 'Julius', 'Gerant', 'jgerantkv@nytimes.com', 'Male', 'Russia'),
(753, 'Cross', 'Dumingo', 'cdumingokw@myspace.com', 'Male', 'Russia'),
(754, 'Catha', 'Lockner', 'clocknerkx@prnewswire.com', 'Female', 'Russia'),
(755, 'Rutger', 'Ricci', 'rricciky@hp.com', 'Male', 'Brazil'),
(756, 'Patti', 'MacGrath', 'pmacgrathkz@ted.com', 'Female', 'Indonesia'),
(757, 'Neill', 'McGuggy', 'nmcguggyl0@nationalgeographic.com', 'Male', 'China'),
(758, 'Krishna', 'Szwandt', 'kszwandtl1@geocities.jp', 'Male', 'China'),
(759, 'Dall', 'Deschelle', 'ddeschellel2@mapy.cz', 'Male', 'Canada'),
(760, 'Constantine', 'Trayton', 'ctraytonl3@google.co.jp', 'Male', 'Philippines'),
(761, 'Layne', 'Savege', 'lsavegel4@tmall.com', 'Genderfluid', 'Poland'),
(762, 'Alma', 'Lodder', 'alodderl5@nps.gov', 'Female', 'Chile'),
(763, 'Clari', 'Ansett', 'cansettl6@fotki.com', 'Female', 'Colombia'),
(764, 'Gilligan', 'Haggart', 'ghaggartl7@rediff.com', 'Female', 'Iran'),
(765, 'Reinold', 'Teck', 'rteckl8@businessinsider.com', 'Male', 'Czech Republic'),
(766, 'Atlanta', 'Hallowes', 'ahallowesl9@unblog.fr', 'Non-binary', 'Fiji'),
(767, 'Max', 'Medling', 'mmedlingla@fastcompany.com', 'Female', 'Indonesia'),
(768, 'Butch', 'Heningham', 'bheninghamlb@histats.com', 'Male', 'Indonesia'),
(769, 'Davey', 'Aumerle', 'daumerlelc@ovh.net', 'Male', 'Peru'),
(770, 'Tobit', 'Klossmann', 'tklossmannld@cornell.edu', 'Bigender', 'Indonesia'),
(771, 'Jillie', 'Heigho', 'jheighole@blinklist.com', 'Female', 'Philippines'),
(772, 'Vanessa', 'Fettes', 'vfetteslf@mysql.com', 'Female', 'China'),
(773, 'Damara', 'Scates', 'dscateslg@google.co.uk', 'Female', 'Poland'),
(774, 'Nickolas', 'Asbery', 'nasberylh@cdbaby.com', 'Male', 'Brazil'),
(775, 'Leigha', 'Herrieven', 'lherrievenli@wix.com', 'Female', 'New Zealand'),
(776, 'Vicki', 'Fincken', 'vfinckenlj@linkedin.com', 'Female', 'Macedonia'),
(777, 'Anthia', 'Bolsover', 'abolsoverlk@youku.com', 'Female', 'Malaysia'),
(778, 'Udell', 'Petyankin', 'upetyankinll@purevolume.com', 'Male', 'France'),
(779, 'Logan', 'Tailour', 'ltailourlm@alexa.com', 'Male', 'Indonesia'),
(780, 'Catha', 'Dagnall', 'cdagnallln@google.es', 'Female', 'China'),
(781, 'Freeland', 'Baptie', 'fbaptielo@arizona.edu', 'Male', 'Philippines'),
(782, 'Ellwood', 'Franzewitch', 'efranzewitchlp@wired.com', 'Male', 'Greece'),
(783, 'Harlin', 'Maunsell', 'hmaunselllq@mapy.cz', 'Male', 'Costa Rica'),
(784, 'Davidson', 'Paterno', 'dpaternolr@un.org', 'Male', 'Gambia'),
(785, 'Devora', 'Greensite', 'dgreensitels@dell.com', 'Female', 'Brazil'),
(786, 'Adolpho', 'Kinnier', 'akinnierlt@php.net', 'Male', 'Democratic Republic of the Congo'),
(787, 'Mychal', 'Telling', 'mtellinglu@meetup.com', 'Polygender', 'China'),
(788, 'Aubrie', 'Landsborough', 'alandsboroughlv@reddit.com', 'Female', 'Malaysia'),
(789, 'Tate', 'Yaakov', 'tyaakovlw@amazon.co.uk', 'Male', 'China'),
(790, 'Bevon', 'Batiste', 'bbatistelx@businessinsider.com', 'Male', 'Colombia'),
(791, 'Leonardo', 'Sebrook', 'lsebrookly@china.com.cn', 'Male', 'Peru'),
(792, 'Adams', 'McCadden', 'amccaddenlz@ucla.edu', 'Male', 'Czech Republic'),
(793, 'Winnah', 'Lowings', 'wlowingsm0@yellowpages.com', 'Female', 'Czech Republic'),
(794, 'Susanna', 'Fury', 'sfurym1@naver.com', 'Female', 'Indonesia'),
(795, 'Lynnette', 'Dominique', 'ldominiquem2@google.cn', 'Female', 'China'),
(796, 'Joanie', 'Spincke', 'jspinckem3@theglobeandmail.com', 'Female', 'China'),
(797, 'Leigh', 'Gibke', 'lgibkem4@rambler.ru', 'Female', 'Afghanistan'),
(798, 'Consalve', 'Cayet', 'ccayetm5@bluehost.com', 'Male', 'Japan'),
(799, 'Alexandro', 'Sheere', 'asheerem6@europa.eu', 'Male', 'Mexico'),
(800, 'Sascha', 'Feaveryear', 'sfeaveryearm7@independent.co.uk', 'Male', 'Canada'),
(801, 'Bernarr', 'Colqueran', 'bcolqueranm8@biblegateway.com', 'Male', 'Indonesia'),
(802, 'Olivero', 'Chestnutt', 'ochestnuttm9@discuz.net', 'Male', 'Slovenia'),
(803, 'Giselbert', 'Griffithe', 'ggriffithema@wsj.com', 'Male', 'Austria'),
(804, 'Tally', 'Billsberry', 'tbillsberrymb@yandex.ru', 'Male', 'Japan'),
(805, 'Ailee', 'Margrett', 'amargrettmc@dedecms.com', 'Female', 'Peru'),
(806, 'Diarmid', 'Mouat', 'dmouatmd@feedburner.com', 'Male', 'China'),
(807, 'Idaline', 'Sturgess', 'isturgessme@uol.com.br', 'Female', 'Czech Republic'),
(808, 'Ava', 'Vannuchi', 'avannuchimf@slashdot.org', 'Female', 'Japan'),
(809, 'Clary', 'Casillas', 'ccasillasmg@oracle.com', 'Female', 'Portugal'),
(810, 'Fransisco', 'Olyonov', 'folyonovmh@merriam-webster.com', 'Male', 'China'),
(811, 'Bernadette', 'Bradforth', 'bbradforthmi@columbia.edu', 'Female', 'Brazil'),
(812, 'Pauly', 'Francombe', 'pfrancombemj@salon.com', 'Female', 'Venezuela'),
(813, 'Waite', 'Guichard', 'wguichardmk@biblegateway.com', 'Male', 'China'),
(814, 'Zora', 'Spurritt', 'zspurrittml@sun.com', 'Female', 'Sweden'),
(815, 'Colas', 'Dand', 'cdandmm@prlog.org', 'Male', 'France'),
(816, 'Kelsey', 'Kezar', 'kkezarmn@soup.io', 'Male', 'Sweden'),
(817, 'Cornall', 'Desborough', 'cdesboroughmo@topsy.com', 'Male', 'China'),
(818, 'Simonette', 'Gibbetts', 'sgibbettsmp@lycos.com', 'Female', 'Peru'),
(819, 'Lorine', 'Roget', 'lrogetmq@ca.gov', 'Female', 'France'),
(820, 'Eldon', 'Joskowitz', 'ejoskowitzmr@opera.com', 'Male', 'Indonesia'),
(821, 'Kent', 'Swyre', 'kswyrems@nationalgeographic.com', 'Male', 'China'),
(822, 'Olia', 'Haycroft', 'ohaycroftmt@google.ru', 'Female', 'Indonesia'),
(823, 'Evelyn', 'Sherrett', 'esherrettmu@odnoklassniki.ru', 'Female', 'Peru'),
(824, 'Winnie', 'Trowell', 'wtrowellmv@upenn.edu', 'Female', 'Indonesia'),
(825, 'Shana', 'Mazella', 'smazellamw@pcworld.com', 'Female', 'China'),
(826, 'Teddie', 'Premble', 'tpremblemx@taobao.com', 'Male', 'Argentina'),
(827, 'Jandy', 'Camier', 'jcamiermy@sphinn.com', 'Female', 'Indonesia'),
(828, 'Misha', 'Boyland', 'mboylandmz@squidoo.com', 'Female', 'China'),
(829, 'Hamish', 'Polglaze', 'hpolglazen0@npr.org', 'Male', 'Peru'),
(830, 'Gusella', 'Bielfeldt', 'gbielfeldtn1@vimeo.com', 'Genderfluid', 'Russia'),
(831, 'Billye', 'Vowells', 'bvowellsn2@dion.ne.jp', 'Female', 'Philippines'),
(832, 'Chase', 'Van den Broek', 'cvandenbroekn3@w3.org', 'Male', 'China'),
(833, 'Shannah', 'Frangello', 'sfrangellon4@cbsnews.com', 'Female', 'China'),
(834, 'Myrta', 'Jewsbury', 'mjewsburyn5@wikispaces.com', 'Female', 'Indonesia'),
(835, 'Edmund', 'Gear', 'egearn6@admin.ch', 'Male', 'Japan'),
(836, 'Ginny', 'Grayshon', 'ggrayshonn7@qq.com', 'Female', 'Russia'),
(837, 'Cam', 'Babin', 'cbabinn8@noaa.gov', 'Female', 'Nigeria'),
(838, 'Karon', 'Jakucewicz', 'kjakucewiczn9@wikipedia.org', 'Female', 'Russia'),
(839, 'Danella', 'Torbet', 'dtorbetna@wikipedia.org', 'Genderqueer', 'Palestinian Territory'),
(840, 'Bayard', 'McGenn', 'bmcgennnb@dyndns.org', 'Male', 'Portugal'),
(841, 'Julina', 'Enbury', 'jenburync@businessinsider.com', 'Female', 'Philippines'),
(842, 'Nolie', 'Ibberson', 'nibbersonnd@yandex.ru', 'Female', 'China'),
(843, 'Kippy', 'Desborough', 'kdesboroughne@people.com.cn', 'Female', 'China'),
(844, 'Cornelia', 'Elks', 'celksnf@techcrunch.com', 'Female', 'Mauritius'),
(845, 'Carly', 'Lamborn', 'clambornng@rakuten.co.jp', 'Male', 'Russia'),
(846, 'Tynan', 'Czadla', 'tczadlanh@aol.com', 'Male', 'Albania'),
(847, 'Rube', 'Leatherborrow', 'rleatherborrowni@google.es', 'Male', 'China'),
(848, 'Kikelia', 'Loosmore', 'kloosmorenj@wiley.com', 'Female', 'China'),
(849, 'Ingeborg', 'Oldfield-Cherry', 'ioldfieldcherrynk@nsw.gov.au', 'Female', 'Thailand'),
(850, 'Durand', 'Geany', 'dgeanynl@myspace.com', 'Male', 'China'),
(851, 'Boyce', 'Pleass', 'bpleassnm@indiegogo.com', 'Male', 'France'),
(852, 'Henri', 'Tubbles', 'htubblesnn@gravatar.com', 'Male', 'Nepal'),
(853, 'Nickey', 'Spridgen', 'nspridgenno@techcrunch.com', 'Polygender', 'Indonesia'),
(854, 'Timmi', 'Erat', 'teratnp@wisc.edu', 'Female', 'Philippines'),
(855, 'Monty', 'Diament', 'mdiamentnq@linkedin.com', 'Male', 'South Korea'),
(856, 'Sherm', 'Morrell', 'smorrellnr@java.com', 'Genderqueer', 'Peru'),
(857, 'Arlana', 'Gutch', 'agutchns@friendfeed.com', 'Female', 'Indonesia'),
(858, 'Wendi', 'Maior', 'wmaiornt@wikia.com', 'Genderqueer', 'France'),
(859, 'Eldin', 'Woolis', 'ewoolisnu@ted.com', 'Male', 'South Africa'),
(860, 'Cesar', 'Vasilyevski', 'cvasilyevskinv@icio.us', 'Male', 'China'),
(861, 'Ahmad', 'Goathrop', 'agoathropnw@google.ru', 'Male', 'Israel'),
(862, 'Clarie', 'Chart', 'cchartnx@yolasite.com', 'Female', 'China'),
(863, 'Rogerio', 'Hayden', 'rhaydenny@1und1.de', 'Male', 'Finland'),
(864, 'Davie', 'Charrier', 'dcharriernz@zimbio.com', 'Male', 'Brazil'),
(865, 'Arie', 'Elsby', 'aelsbyo0@craigslist.org', 'Male', 'China'),
(866, 'Malia', 'Littlechild', 'mlittlechildo1@biglobe.ne.jp', 'Female', 'Honduras'),
(867, 'Celesta', 'Claringbold', 'cclaringboldo2@homestead.com', 'Female', 'Mexico'),
(868, 'Maia', 'Emmert', 'memmerto3@cam.ac.uk', 'Female', 'Philippines'),
(869, 'Etta', 'Henningham', 'ehenninghamo4@disqus.com', 'Female', 'China'),
(870, 'Marcella', 'Slimon', 'mslimono5@mapy.cz', 'Female', 'United States'),
(871, 'Winn', 'MacCook', 'wmaccooko6@dedecms.com', 'Non-binary', 'Colombia'),
(872, 'Wye', 'Prugel', 'wprugelo7@joomla.org', 'Male', 'China'),
(873, 'Vonny', 'Philliskirk', 'vphilliskirko8@dell.com', 'Female', 'China'),
(874, 'Bern', 'Burner', 'bburnero9@gravatar.com', 'Male', 'Brazil'),
(875, 'Julina', 'Lester', 'jlesteroa@rediff.com', 'Non-binary', 'Indonesia'),
(876, 'Amil', 'Piper', 'apiperob@google.pl', 'Female', 'Luxembourg'),
(877, 'Gonzalo', 'Thuillier', 'gthuillieroc@blinklist.com', 'Male', 'Kenya'),
(878, 'Talia', 'Kennett', 'tkennettod@flickr.com', 'Female', 'Lebanon'),
(879, 'David', 'Beville', 'dbevilleoe@drupal.org', 'Male', 'Macedonia'),
(880, 'Syd', 'Rosiello', 'srosielloof@ibm.com', 'Male', 'France'),
(881, 'Gunter', 'Woodcock', 'gwoodcockog@elegantthemes.com', 'Polygender', 'Ukraine'),
(882, 'Joy', 'Archibould', 'jarchibouldoh@gravatar.com', 'Female', 'France'),
(883, 'Ximenez', 'Angrave', 'xangraveoi@amazonaws.com', 'Male', 'Poland'),
(884, 'Karna', 'Yakovlev', 'kyakovlevoj@photobucket.com', 'Female', 'Colombia'),
(885, 'Ketty', 'Hartfield', 'khartfieldok@trellian.com', 'Agender', 'Colombia'),
(886, 'Chauncey', 'Shouler', 'cshoulerol@businessweek.com', 'Male', 'Cuba'),
(887, 'Eada', 'Jillard', 'ejillardom@chicagotribune.com', 'Female', 'Portugal'),
(888, 'Chancey', 'Saladino', 'csaladinoon@comsenz.com', 'Male', 'Brazil'),
(889, 'Velma', 'Eichmann', 'veichmannoo@sfgate.com', 'Female', 'South Korea'),
(890, 'Mersey', 'Mordecai', 'mmordecaiop@cam.ac.uk', 'Agender', 'Norway'),
(891, 'Marta', 'Sarsons', 'msarsonsoq@baidu.com', 'Female', 'Ireland'),
(892, 'Der', 'Hambrick', 'dhambrickor@wikimedia.org', 'Non-binary', 'China'),
(893, 'Jewel', 'Mordy', 'jmordyos@earthlink.net', 'Female', 'China'),
(894, 'Eliot', 'Loosley', 'eloosleyot@omniture.com', 'Male', 'Netherlands'),
(895, 'Tony', 'Cadwallader', 'tcadwalladerou@aol.com', 'Male', 'Brazil'),
(896, 'Nickolas', 'Ruter', 'nruterov@trellian.com', 'Male', 'Brazil'),
(897, 'Lin', 'Prene', 'lpreneow@amazonaws.com', 'Male', 'Azerbaijan'),
(898, 'Gian', 'Codi', 'gcodiox@skype.com', 'Male', 'Russia'),
(899, 'Natalina', 'Macak', 'nmacakoy@ihg.com', 'Female', 'Bulgaria'),
(900, 'Lolita', 'Albarez', 'lalbarezoz@java.com', 'Female', 'Pakistan'),
(901, 'Yolanthe', 'Chue', 'ychuep0@phoca.cz', 'Non-binary', 'Indonesia'),
(902, 'Ambrose', 'Piwall', 'apiwallp1@dedecms.com', 'Male', 'Finland'),
(903, 'Basilius', 'Victoria', 'bvictoriap2@wufoo.com', 'Male', 'Indonesia'),
(904, 'Barbee', 'Duffitt', 'bduffittp3@earthlink.net', 'Genderqueer', 'United Kingdom'),
(905, 'Jena', 'Linstead', 'jlinsteadp4@elpais.com', 'Female', 'Philippines'),
(906, 'Elwood', 'Iiannoni', 'eiiannonip5@hao123.com', 'Male', 'China'),
(907, 'Denyse', 'Worviell', 'dworviellp6@moonfruit.com', 'Female', 'Philippines'),
(908, 'Fleming', 'Lundie', 'flundiep7@mediafire.com', 'Genderqueer', 'United States'),
(909, 'Worthington', 'Pele', 'wpelep8@reverbnation.com', 'Male', 'Belarus'),
(910, 'Jim', 'Vittore', 'jvittorep9@answers.com', 'Male', 'Bulgaria'),
(911, 'Victoir', 'Labbati', 'vlabbatipa@privacy.gov.au', 'Male', 'Portugal'),
(912, 'Kala', 'Jellico', 'kjellicopb@google.pl', 'Genderfluid', 'United States'),
(913, 'Arri', 'Groucock', 'agroucockpc@google.co.uk', 'Male', 'China'),
(914, 'Jennette', 'Creasey', 'jcreaseypd@macromedia.com', 'Female', 'Brazil'),
(915, 'Dwayne', 'Bourtoumieux', 'dbourtoumieuxpe@ibm.com', 'Non-binary', 'Chad'),
(916, 'Fritz', 'Robecon', 'frobeconpf@kickstarter.com', 'Male', 'Indonesia'),
(917, 'Cly', 'Menzies', 'cmenziespg@state.gov', 'Male', 'France'),
(918, 'Bradan', 'Jablonski', 'bjablonskiph@netlog.com', 'Male', 'Indonesia'),
(919, 'Beatrix', 'Bosma', 'bbosmapi@github.com', 'Female', 'Colombia'),
(920, 'Kylen', 'Frango', 'kfrangopj@usatoday.com', 'Female', 'Indonesia'),
(921, 'Merry', 'Sofe', 'msofepk@issuu.com', 'Genderfluid', 'Russia'),
(922, 'Alphonse', 'Petrina', 'apetrinapl@blinklist.com', 'Male', 'Peru'),
(923, 'Bennie', 'Zwicker', 'bzwickerpm@google.ca', 'Male', 'France'),
(924, 'Laura', 'Archbold', 'larchboldpn@ihg.com', 'Female', 'Belarus'),
(925, 'Zahara', 'Brussels', 'zbrusselspo@ocn.ne.jp', 'Female', 'Russia'),
(926, 'Claire', 'McFaul', 'cmcfaulpp@tiny.cc', 'Female', 'Sweden'),
(927, 'Gerald', 'Haddow', 'ghaddowpq@homestead.com', 'Male', 'China'),
(928, 'Toinette', 'Skillett', 'tskillettpr@slate.com', 'Female', 'Uruguay'),
(929, 'Belvia', 'Safe', 'bsafeps@virginia.edu', 'Female', 'Brazil'),
(930, 'Logan', 'Jacmard', 'ljacmardpt@cbsnews.com', 'Male', 'China'),
(931, 'Joanne', 'Gullam', 'jgullampu@buzzfeed.com', 'Female', 'Greece'),
(932, 'Jenna', 'Fronzek', 'jfronzekpv@sitemeter.com', 'Female', 'United States'),
(933, 'Saxe', 'Block', 'sblockpw@phpbb.com', 'Male', 'Sweden'),
(934, 'Olivette', 'Purvis', 'opurvispx@lycos.com', 'Female', 'China'),
(935, 'Irwinn', 'Agostini', 'iagostinipy@ezinearticles.com', 'Genderfluid', 'Croatia'),
(936, 'Brad', 'Rau', 'braupz@ed.gov', 'Non-binary', 'Botswana'),
(937, 'Ada', 'Snape', 'asnapeq0@eventbrite.com', 'Female', 'Russia'),
(938, 'Gearalt', 'Gunny', 'ggunnyq1@bigcartel.com', 'Male', 'Poland'),
(939, 'Andrea', 'Blakden', 'ablakdenq2@bigcartel.com', 'Male', 'Czech Republic'),
(940, 'Hadrian', 'Bellworthy', 'hbellworthyq3@ucoz.ru', 'Agender', 'Philippines'),
(941, 'Calida', 'Shoebrook', 'cshoebrookq4@japanpost.jp', 'Female', 'Benin'),
(942, 'Noland', 'Wolffers', 'nwolffersq5@boston.com', 'Male', 'Yemen'),
(943, 'Tami', 'Di Baudi', 'tdibaudiq6@weibo.com', 'Female', 'Philippines'),
(944, 'Sosanna', 'Shurlock', 'sshurlockq7@google.ca', 'Female', 'China'),
(945, 'Jaymee', 'Marchant', 'jmarchantq8@ycombinator.com', 'Female', 'Colombia'),
(946, 'Berkly', 'Domm', 'bdommq9@angelfire.com', 'Male', 'Ecuador'),
(947, 'Tuesday', 'Charlotte', 'tcharlotteqa@eventbrite.com', 'Female', 'China'),
(948, 'Grover', 'Cicculi', 'gcicculiqb@usda.gov', 'Male', 'Portugal'),
(949, 'Quinta', 'Boscott', 'qboscottqc@fastcompany.com', 'Female', 'Indonesia'),
(950, 'Lemmie', 'Melross', 'lmelrossqd@gmpg.org', 'Male', 'France'),
(951, 'Sofie', 'Whitwell', 'swhitwellqe@cisco.com', 'Female', 'Philippines'),
(952, 'Joela', 'Rojas', 'jrojasqf@about.me', 'Female', 'Mauritius'),
(953, 'Maureen', 'Turmel', 'mturmelqg@nbcnews.com', 'Female', 'Argentina'),
(954, 'Lauryn', 'Jendrach', 'ljendrachqh@is.gd', 'Female', 'Sweden'),
(955, 'Mile', 'Pennuzzi', 'mpennuzziqi@cloudflare.com', 'Male', 'China'),
(956, 'Haley', 'Ferens', 'hferensqj@infoseek.co.jp', 'Female', 'South Africa'),
(957, 'Cosimo', 'Griffe', 'cgriffeqk@ustream.tv', 'Male', 'Indonesia'),
(958, 'Darrin', 'Landers', 'dlandersql@auda.org.au', 'Male', 'China'),
(959, 'Thoma', 'Benard', 'tbenardqm@posterous.com', 'Male', 'Indonesia'),
(960, 'Karney', 'Mateev', 'kmateevqn@wp.com', 'Male', 'Greece'),
(961, 'Austin', 'Gauntlett', 'agauntlettqo@sogou.com', 'Male', 'Indonesia'),
(962, 'Hilda', 'Gerring', 'hgerringqp@marketwatch.com', 'Female', 'Indonesia'),
(963, 'Lauree', 'Ruberti', 'lrubertiqq@buzzfeed.com', 'Female', 'Brazil'),
(964, 'Fleming', 'Lindl', 'flindlqr@paypal.com', 'Polygender', 'China'),
(965, 'Mark', 'Toe', 'mtoeqs@bloomberg.com', 'Male', 'Indonesia'),
(966, 'Torrence', 'Barrat', 'tbarratqt@jugem.jp', 'Male', 'Indonesia'),
(967, 'Ariel', 'Begent', 'abegentqu@bravesites.com', 'Male', 'Ukraine'),
(968, 'Kathye', 'Pidler', 'kpidlerqv@altervista.org', 'Female', 'Poland'),
(969, 'Norean', 'Copo', 'ncopoqw@scribd.com', 'Female', 'Indonesia'),
(970, 'Dallas', 'Rabat', 'drabatqx@seesaa.net', 'Female', 'Greece'),
(971, 'Leda', 'Trosdall', 'ltrosdallqy@fda.gov', 'Agender', 'Bolivia'),
(972, 'Eden', 'Turpey', 'eturpeyqz@europa.eu', 'Female', 'Bulgaria'),
(973, 'Inglis', 'Gwyer', 'igwyerr0@posterous.com', 'Male', 'Philippines'),
(974, 'Engelbert', 'Cudihy', 'ecudihyr1@ameblo.jp', 'Male', 'Argentina'),
(975, 'Lillis', 'Fray', 'lfrayr2@disqus.com', 'Female', 'Russia'),
(976, 'Kevin', 'Paschke', 'kpaschker3@infoseek.co.jp', 'Male', 'Afghanistan'),
(977, 'Quincey', 'Brickwood', 'qbrickwoodr4@gravatar.com', 'Male', 'Indonesia'),
(978, 'Louis', 'Spratling', 'lspratlingr5@geocities.jp', 'Male', 'Russia'),
(979, 'Sayer', 'Landre', 'slandrer6@dmoz.org', 'Male', 'Brazil'),
(980, 'Kissee', 'Coots', 'kcootsr7@moonfruit.com', 'Female', 'France'),
(981, 'Simonne', 'Ebbetts', 'sebbettsr8@istockphoto.com', 'Non-binary', 'Peru'),
(982, 'Lorie', 'Waddell', 'lwaddellr9@t-online.de', 'Female', 'Brazil'),
(983, 'Michael', 'Saltsberg', 'msaltsbergra@foxnews.com', 'Male', 'Paraguay'),
(984, 'Carlin', 'Thirkettle', 'cthirkettlerb@bbc.co.uk', 'Female', 'Netherlands'),
(985, 'Brina', 'Gawen', 'bgawenrc@sitemeter.com', 'Female', 'Poland'),
(986, 'Lincoln', 'Ledwitch', 'lledwitchrd@ovh.net', 'Male', 'Russia'),
(987, 'Griselda', 'Cooke', 'gcookere@livejournal.com', 'Female', 'Indonesia'),
(988, 'Elise', 'Doree', 'edoreerf@ezinearticles.com', 'Female', 'Brazil'),
(989, 'Roderick', 'Dow', 'rdowrg@dot.gov', 'Male', 'Myanmar'),
(990, 'Bernie', 'Manoelli', 'bmanoellirh@tinyurl.com', 'Male', 'Philippines'),
(991, 'Ogdon', 'Warwicker', 'owarwickerri@gizmodo.com', 'Male', 'China'),
(992, 'Jeni', 'Scarlet', 'jscarletrj@foxnews.com', 'Female', 'Sweden'),
(993, 'Chrystal', 'Ratter', 'cratterrk@woothemes.com', 'Female', 'China'),
(994, 'Fenelia', 'Fibbit', 'ffibbitrl@freewebs.com', 'Female', 'Bosnia and Herzegovina'),
(995, 'Westley', 'Bensley', 'wbensleyrm@statcounter.com', 'Male', 'China'),
(996, 'Katy', 'Attride', 'kattridern@phpbb.com', 'Female', 'Finland'),
(997, 'Beatrisa', 'Djurkovic', 'bdjurkovicro@sogou.com', 'Female', 'Canada'),
(998, 'Rosmunda', 'Cory', 'rcoryrp@businessinsider.com', 'Female', 'Greece'),
(999, 'Rhett', 'Saunier', 'rsaunierrq@cbc.ca', 'Male', 'United States'),
(1000, 'Delbert', 'Braunthal', 'dbraunthalrr@sciencedaily.com', 'Male', 'Pakistan');

-- --------------------------------------------------------

--
-- Struktura tabeli dla tabeli `ubezpiecz_wynik`
--

CREATE TABLE `ubezpiecz_wynik` (
  `ID_ubezpieczenia` int(11) NOT NULL,
  `ID_klienta` int(11) NOT NULL,
  `ID_samochodu` int(11) NOT NULL,
  `cena_bazowa_zl` decimal(10,2) DEFAULT NULL,
  `cena_po_rabatach_zl` decimal(10,2) DEFAULT NULL
) ENGINE=InnoDB DEFAULT CHARSET=utf8mb4 COLLATE=utf8mb4_general_ci;

--
-- Dumping data for table `ubezpiecz_wynik`
--

INSERT INTO `ubezpiecz_wynik` (`ID_ubezpieczenia`, `ID_klienta`, `ID_samochodu`, `cena_bazowa_zl`, `cena_po_rabatach_zl`) VALUES
(1, 44, 1, 2500.00, 1250.00),
(2, 41, 2, 2500.00, 1000.00),
(3, 22, 3, 2500.00, 1625.00),
(4, 3, 4, 2500.00, 875.00),
(5, 39, 5, 3000.00, 1950.00),
(6, 22, 6, 2500.00, 1625.00),
(7, 35, 7, 3000.00, 1350.00),
(8, 98, 8, 2500.00, 1250.00),
(9, 41, 9, 2500.00, 1000.00),
(10, 10, 10, 2200.00, 693.00),
(11, 90, 11, 2500.00, 1050.00),
(12, 84, 12, 3000.00, 1500.00),
(13, 47, 13, 3000.00, 1050.00),
(14, 98, 14, 3000.00, 1500.00),
(15, 20, 15, 2500.00, 1375.00),
(16, 21, 16, 2200.00, 880.00),
(17, 49, 17, 2500.00, 500.00),
(18, 84, 18, 2500.00, 1250.00),
(19, 65, 19, 2500.00, 1125.00),
(20, 39, 20, 2500.00, 1625.00),
(21, 40, 21, 2200.00, 330.00),
(22, 46, 22, 2200.00, 1001.00),
(23, 35, 23, 2500.00, 1125.00),
(24, 75, 24, 3000.00, 600.00),
(25, 17, 25, 2500.00, 962.50),
(26, 40, 26, 2500.00, 375.00),
(27, 15, 27, 3000.00, 1800.00),
(28, 63, 28, 2500.00, 875.00),
(29, 76, 29, 2500.00, 787.50),
(30, 3, 30, 2500.00, 875.00),
(31, 75, 31, 2200.00, 440.00),
(32, 34, 32, 3000.00, 1050.00),
(33, 74, 33, 3000.00, 2250.00),
(34, 6, 34, 3000.00, 2250.00),
(35, 71, 35, 2500.00, 750.00),
(36, 88, 36, 2500.00, 750.00),
(37, 71, 37, 2500.00, 750.00),
(38, 47, 38, 3000.00, 1050.00),
(39, 58, 39, 3000.00, 1200.00),
(40, 19, 40, 3000.00, 735.00),
(41, 79, 41, 2500.00, 875.00),
(42, 70, 42, 2500.00, 1625.00),
(43, 79, 43, 2500.00, 875.00),
(44, 49, 44, 3000.00, 600.00),
(45, 50, 45, 2500.00, 1050.00),
(46, 51, 46, 2500.00, 750.00),
(47, 24, 47, 2500.00, 1375.00),
(48, 98, 48, 2500.00, 1250.00),
(49, 72, 49, 2200.00, 1210.00),
(50, 34, 50, 2500.00, 875.00),
(51, 81, 51, 2200.00, 1320.00),
(52, 48, 52, 3000.00, 1200.00),
(53, 4, 53, 3000.00, 1800.00),
(54, 75, 54, 2500.00, 500.00),
(55, 2, 55, 2500.00, 1312.50),
(56, 48, 56, 2500.00, 1000.00),
(57, 88, 57, 2500.00, 750.00),
(58, 14, 58, 1300.00, 715.00),
(59, 39, 59, 3000.00, 1950.00),
(60, 21, 60, 2500.00, 1000.00),
(61, 96, 61, 3000.00, 2100.00),
(62, 87, 62, 2200.00, 990.00),
(63, 59, 63, 2500.00, 1375.00),
(64, 3, 64, 2500.00, 875.00),
(65, 47, 65, 3000.00, 1050.00),
(66, 20, 66, 3000.00, 1650.00),
(67, 40, 67, 3000.00, 450.00),
(68, 19, 68, 3000.00, 735.00),
(69, 81, 69, 2500.00, 1500.00),
(70, 52, 70, 2200.00, 847.00),
(71, 5, 71, 2200.00, 0.00),
(72, 15, 72, 3000.00, 1800.00),
(73, 95, 73, 2500.00, 700.00),
(74, 45, 74, 2500.00, 1875.00),
(75, 92, 75, 3000.00, 945.00),
(76, 55, 76, 2200.00, 1100.00),
(77, 25, 77, 2500.00, 962.50),
(78, 42, 78, 2500.00, 1625.00),
(79, 36, 79, 3000.00, 1350.00),
(80, 42, 80, 2500.00, 1625.00),
(81, 20, 81, 3000.00, 1650.00),
(82, 97, 82, 2500.00, 1375.00),
(83, 83, 83, 1300.00, 500.50),
(84, 21, 84, 2500.00, 1000.00),
(85, 66, 85, 3000.00, 945.00),
(86, 63, 86, 2500.00, 875.00),
(87, 45, 87, 3000.00, 2250.00),
(88, 1, 88, 3000.00, 2940.00),
(89, 25, 89, 3000.00, 1155.00),
(90, 21, 90, 2200.00, 880.00),
(91, 51, 91, 2500.00, 750.00),
(92, 5, 92, 3000.00, 0.00),
(93, 18, 93, 2500.00, 787.50),
(94, 17, 94, 3000.00, 1155.00),
(95, 21, 95, 3000.00, 1200.00),
(96, 44, 96, 3000.00, 1500.00),
(97, 71, 97, 2500.00, 750.00),
(98, 56, 98, 3000.00, 1950.00),
(99, 94, 99, 2500.00, 1375.00),
(100, 84, 100, 2500.00, 1250.00),
(101, 65, 101, 1300.00, 585.00),
(102, 75, 102, 3000.00, 600.00),
(103, 21, 103, 2500.00, 1000.00),
(104, 20, 104, 2500.00, 1375.00),
(105, 16, 105, 2500.00, 1137.50),
(106, 65, 106, 2500.00, 1125.00),
(107, 69, 107, 2500.00, 1500.00),
(108, 64, 108, 2500.00, 1875.00),
(109, 1, 109, 2500.00, 2450.00),
(110, 56, 110, 3000.00, 1950.00),
(111, 52, 111, 2200.00, 847.00),
(112, 66, 112, 2500.00, 787.50),
(113, 55, 113, 2500.00, 1250.00),
(114, 94, 114, 2500.00, 1375.00),
(115, 13, 115, 2500.00, 2250.00),
(116, 83, 116, 2500.00, 962.50),
(117, 89, 117, 2200.00, 1540.00),
(118, 35, 118, 3000.00, 1350.00),
(119, 82, 119, 3000.00, 1800.00),
(120, 76, 120, 2500.00, 787.50),
(121, 78, 121, 3000.00, 1200.00),
(122, 92, 122, 2500.00, 787.50),
(123, 8, 123, 3000.00, 2400.00),
(124, 69, 124, 2500.00, 1500.00),
(125, 21, 125, 3000.00, 1200.00),
(126, 31, 126, 2200.00, 1155.00),
(127, 19, 127, 1300.00, 318.50),
(128, 26, 128, 3000.00, 1200.00),
(129, 43, 129, 3000.00, 1500.00),
(130, 14, 130, 3000.00, 1650.00),
(131, 40, 131, 2500.00, 375.00),
(132, 52, 132, 3000.00, 1155.00),
(133, 37, 133, 3000.00, 2100.00),
(134, 49, 134, 2500.00, 500.00),
(135, 24, 135, 2500.00, 1375.00),
(136, 68, 136, 2500.00, 1500.00),
(137, 40, 137, 2500.00, 375.00),
(138, 31, 138, 3000.00, 1575.00),
(139, 68, 139, 3000.00, 1800.00),
(140, 67, 140, 3000.00, 1950.00),
(141, 71, 141, 2200.00, 660.00),
(142, 18, 142, 2500.00, 787.50),
(143, 85, 143, 3000.00, 1800.00),
(144, 75, 144, 2500.00, 500.00),
(145, 19, 145, 2500.00, 612.50),
(146, 14, 146, 2500.00, 1375.00),
(147, 80, 147, 3000.00, 1500.00),
(148, 65, 148, 2500.00, 1125.00),
(149, 23, 149, 2200.00, 1100.00),
(150, 16, 150, 2500.00, 1137.50),
(151, 12, 151, 2500.00, 875.00),
(152, 93, 152, 2500.00, 1125.00),
(153, 54, 153, 2500.00, 1625.00),
(154, 7, 154, 2200.00, 924.00),
(155, 83, 155, 2500.00, 962.50),
(156, 32, 156, 2200.00, 1650.00),
(157, 71, 157, 3000.00, 900.00),
(158, 93, 158, 2500.00, 1125.00),
(159, 81, 159, 3000.00, 1800.00),
(160, 38, 160, 2500.00, 787.50),
(161, 58, 161, 2500.00, 1000.00),
(162, 75, 162, 3000.00, 600.00),
(163, 40, 163, 3000.00, 450.00),
(164, 24, 164, 2500.00, 1375.00),
(165, 38, 165, 3000.00, 945.00),
(166, 42, 166, 2500.00, 1625.00),
(167, 3, 167, 3000.00, 1050.00),
(168, 83, 168, 2500.00, 962.50),
(169, 61, 169, 3000.00, 2250.00),
(170, 28, 170, 2200.00, 770.00),
(171, 51, 171, 2500.00, 750.00),
(172, 2, 172, 2200.00, 1155.00),
(173, 80, 173, 2500.00, 1250.00),
(174, 93, 174, 2500.00, 1125.00),
(175, 44, 175, 2500.00, 1250.00),
(176, 4, 176, 3000.00, 1800.00),
(177, 39, 177, 3000.00, 1950.00),
(178, 15, 178, 1300.00, 780.00),
(179, 2, 179, 2500.00, 1312.50),
(180, 53, 180, 2500.00, 1875.00),
(181, 72, 181, 2500.00, 1375.00),
(182, 33, 182, 3000.00, 1260.00),
(183, 9, 183, 2500.00, 1250.00),
(184, 96, 184, 3000.00, 2100.00),
(185, 82, 185, 2500.00, 1500.00),
(186, 95, 186, 3000.00, 840.00),
(187, 50, 187, 3000.00, 1260.00),
(188, 40, 188, 2500.00, 375.00),
(189, 52, 189, 2500.00, 962.50),
(190, 79, 190, 1300.00, 455.00),
(191, 51, 191, 2500.00, 750.00),
(192, 10, 192, 2500.00, 787.50),
(193, 26, 193, 2500.00, 1000.00),
(194, 54, 194, 3000.00, 1950.00),
(195, 40, 195, 2500.00, 375.00),
(196, 61, 196, 2500.00, 1875.00),
(197, 5, 197, 2500.00, 0.00),
(198, 86, 198, 2500.00, 1500.00),
(199, 63, 199, 2500.00, 875.00),
(200, 6, 200, 2500.00, 1875.00),
(201, 98, 201, 3000.00, 1500.00),
(202, 63, 202, 2200.00, 770.00),
(203, 58, 203, 2500.00, 1000.00),
(204, 4, 204, 3000.00, 1800.00),
(205, 53, 205, 2500.00, 1875.00),
(206, 28, 206, 2500.00, 875.00),
(207, 73, 207, 2500.00, 1625.00),
(208, 24, 208, 2500.00, 1375.00),
(209, 55, 209, 2200.00, 1100.00),
(210, 72, 210, 3000.00, 1650.00),
(211, 82, 211, 3000.00, 1800.00),
(212, 48, 212, 3000.00, 1200.00),
(213, 25, 213, 2500.00, 962.50),
(214, 98, 214, 2500.00, 1250.00),
(215, 62, 215, 2200.00, 539.00),
(216, 38, 216, 3000.00, 945.00),
(217, 5, 217, 2500.00, 0.00),
(218, 36, 218, 2500.00, 1125.00),
(219, 40, 219, 2200.00, 330.00),
(220, 33, 220, 2500.00, 1050.00),
(221, 49, 221, 3000.00, 600.00),
(222, 35, 222, 3000.00, 1350.00),
(223, 19, 223, 2500.00, 612.50),
(224, 63, 224, 2500.00, 875.00),
(225, 35, 225, 3000.00, 1350.00),
(226, 19, 226, 2500.00, 612.50),
(227, 71, 227, 3000.00, 900.00),
(228, 12, 228, 2500.00, 875.00),
(229, 17, 229, 3000.00, 1155.00),
(230, 1, 230, 3000.00, 2940.00),
(231, 72, 231, 2200.00, 1210.00),
(232, 12, 232, 3000.00, 1050.00),
(233, 80, 233, 2500.00, 1250.00),
(234, 4, 234, 2500.00, 1500.00),
(235, 84, 235, 2200.00, 1100.00),
(236, 15, 236, 3000.00, 1800.00),
(237, 95, 237, 2500.00, 700.00),
(238, 60, 238, 2500.00, 962.50),
(239, 35, 239, 3000.00, 1350.00),
(240, 47, 240, 3000.00, 1050.00),
(241, 18, 241, 2500.00, 787.50),
(242, 5, 242, 2500.00, 0.00),
(243, 68, 243, 2200.00, 1320.00),
(244, 24, 244, 2500.00, 1375.00),
(245, 84, 245, 2500.00, 1250.00),
(246, 5, 246, 3000.00, 0.00),
(247, 46, 247, 2200.00, 1001.00),
(248, 69, 248, 3000.00, 1800.00),
(249, 59, 249, 3000.00, 1650.00),
(250, 28, 250, 2500.00, 875.00),
(251, 5, 251, 3000.00, 0.00),
(252, 84, 252, 3000.00, 1500.00),
(253, 71, 253, 2500.00, 750.00),
(254, 52, 254, 3000.00, 1155.00),
(255, 90, 255, 3000.00, 1260.00),
(256, 34, 256, 2500.00, 875.00),
(257, 37, 257, 2200.00, 1540.00),
(258, 58, 258, 2500.00, 1000.00),
(259, 47, 259, 2500.00, 875.00),
(260, 25, 260, 2500.00, 962.50),
(261, 78, 261, 2500.00, 1000.00),
(262, 36, 262, 2200.00, 990.00),
(263, 42, 263, 2500.00, 1625.00),
(264, 97, 264, 2500.00, 1375.00),
(265, 87, 265, 3000.00, 1350.00),
(266, 88, 266, 2500.00, 750.00),
(267, 6, 267, 2500.00, 1875.00),
(268, 92, 268, 2500.00, 787.50),
(269, 29, 269, 2200.00, 1430.00),
(270, 54, 270, 2500.00, 1625.00),
(271, 24, 271, 2500.00, 1375.00),
(272, 50, 272, 2500.00, 1050.00),
(273, 32, 273, 2500.00, 1875.00),
(274, 15, 274, 2500.00, 1500.00),
(275, 91, 275, 2200.00, 1210.00),
(276, 63, 276, 3000.00, 1050.00),
(277, 28, 277, 3000.00, 1050.00),
(278, 43, 278, 2500.00, 1250.00),
(279, 5, 279, 2500.00, 0.00),
(280, 78, 280, 3000.00, 1200.00),
(281, 26, 281, 2500.00, 1000.00),
(282, 34, 282, 2500.00, 875.00),
(283, 60, 283, 3000.00, 1155.00),
(284, 18, 284, 3000.00, 945.00),
(285, 31, 285, 3000.00, 1575.00),
(286, 76, 286, 2500.00, 787.50),
(287, 15, 287, 3000.00, 1800.00),
(288, 77, 288, 3000.00, 2100.00),
(289, 9, 289, 1300.00, 650.00),
(290, 7, 290, 2500.00, 1050.00),
(291, 30, 291, 2500.00, 1625.00),
(292, 36, 292, 2500.00, 1125.00),
(293, 58, 293, 2500.00, 1000.00),
(294, 80, 294, 2500.00, 1250.00),
(295, 39, 295, 2500.00, 1625.00),
(296, 2, 296, 2500.00, 1312.50),
(297, 8, 297, 2500.00, 2000.00),
(298, 15, 298, 2200.00, 1320.00),
(299, 99, 299, 3000.00, 1950.00),
(300, 38, 300, 3000.00, 945.00),
(301, 49, 301, 2500.00, 500.00),
(302, 16, 302, 2500.00, 1137.50),
(303, 93, 303, 2500.00, 1125.00),
(304, 34, 304, 2500.00, 875.00),
(305, 90, 305, 2500.00, 1050.00),
(306, 48, 306, 2500.00, 1000.00),
(307, 39, 307, 2500.00, 1625.00),
(308, 74, 308, 2500.00, 1875.00),
(309, 43, 309, 3000.00, 1500.00),
(310, 60, 310, 2500.00, 962.50),
(311, 16, 311, 3000.00, 1365.00),
(312, 88, 312, 1300.00, 390.00),
(313, 13, 313, 2500.00, 2250.00),
(314, 6, 314, 2500.00, 1875.00),
(315, 33, 315, 2500.00, 1050.00),
(316, 62, 316, 2500.00, 612.50),
(317, 60, 317, 3000.00, 1155.00),
(318, 81, 318, 2500.00, 1500.00),
(319, 17, 319, 2500.00, 962.50),
(320, 12, 320, 2500.00, 875.00),
(321, 85, 321, 2500.00, 1500.00),
(322, 45, 322, 3000.00, 2250.00),
(323, 29, 323, 2500.00, 1625.00),
(324, 9, 324, 2500.00, 1250.00),
(325, 5, 325, 2500.00, 0.00),
(326, 17, 326, 3000.00, 1155.00),
(327, 68, 327, 2500.00, 1500.00),
(328, 85, 328, 3000.00, 1800.00),
(329, 13, 329, 2500.00, 2250.00),
(330, 60, 330, 3000.00, 1155.00),
(331, 99, 331, 3000.00, 1950.00),
(332, 62, 332, 2500.00, 612.50),
(333, 28, 333, 2500.00, 875.00),
(334, 33, 334, 3000.00, 1260.00),
(335, 1, 335, 2500.00, 2450.00),
(336, 92, 336, 2200.00, 693.00),
(337, 75, 337, 2500.00, 500.00),
(338, 94, 338, 1300.00, 715.00),
(339, 3, 339, 2500.00, 875.00),
(340, 30, 340, 2500.00, 1625.00),
(341, 86, 341, 2500.00, 1500.00),
(342, 87, 342, 2500.00, 1125.00),
(343, 26, 343, 1300.00, 520.00),
(344, 67, 344, 2200.00, 1430.00),
(345, 68, 345, 2200.00, 1320.00),
(346, 20, 346, 2200.00, 1210.00),
(347, 10, 347, 3000.00, 945.00),
(348, 49, 348, 2500.00, 500.00),
(349, 11, 349, 3000.00, 1950.00),
(350, 88, 350, 2500.00, 750.00),
(351, 51, 351, 2500.00, 750.00),
(352, 86, 352, 2500.00, 1500.00),
(353, 94, 353, 3000.00, 1650.00),
(354, 4, 354, 2500.00, 1500.00),
(355, 75, 355, 3000.00, 600.00),
(356, 41, 356, 3000.00, 1200.00),
(357, 20, 357, 3000.00, 1650.00),
(358, 77, 358, 2500.00, 1750.00),
(359, 3, 359, 3000.00, 1050.00),
(360, 84, 360, 2500.00, 1250.00),
(361, 46, 361, 2500.00, 1137.50),
(362, 33, 362, 2500.00, 1050.00),
(363, 48, 363, 2500.00, 1000.00),
(364, 99, 364, 2500.00, 1625.00),
(365, 26, 365, 3000.00, 1200.00),
(366, 56, 366, 2500.00, 1625.00),
(367, 87, 367, 2500.00, 1125.00),
(368, 35, 368, 2500.00, 1125.00),
(369, 81, 369, 2500.00, 1500.00),
(370, 71, 370, 1300.00, 390.00),
(371, 61, 371, 2500.00, 1875.00),
(372, 83, 372, 2500.00, 962.50),
(373, 54, 373, 2500.00, 1625.00),
(374, 9, 374, 1300.00, 650.00),
(375, 80, 375, 3000.00, 1500.00),
(376, 84, 376, 1300.00, 650.00),
(377, 88, 377, 1300.00, 390.00),
(378, 53, 378, 2200.00, 1650.00),
(379, 51, 379, 2500.00, 750.00),
(380, 96, 380, 3000.00, 2100.00),
(381, 7, 381, 3000.00, 1260.00),
(382, 97, 382, 2500.00, 1375.00),
(383, 43, 383, 3000.00, 1500.00),
(384, 14, 384, 3000.00, 1650.00),
(385, 3, 385, 3000.00, 1050.00),
(386, 36, 386, 2500.00, 1125.00),
(387, 51, 387, 2500.00, 750.00),
(388, 58, 388, 2500.00, 1000.00),
(389, 72, 389, 2500.00, 1375.00),
(390, 65, 390, 3000.00, 1350.00),
(391, 21, 391, 2500.00, 1000.00),
(392, 84, 392, 3000.00, 1500.00),
(393, 59, 393, 2500.00, 1375.00),
(394, 67, 394, 2500.00, 1625.00),
(395, 43, 395, 2500.00, 1250.00),
(396, 14, 396, 2500.00, 1375.00),
(397, 14, 397, 3000.00, 1650.00),
(398, 49, 398, 2500.00, 500.00),
(399, 79, 399, 3000.00, 1050.00),
(400, 77, 400, 2500.00, 1750.00),
(401, 75, 401, 3000.00, 600.00),
(402, 62, 402, 1300.00, 318.50),
(403, 5, 403, 2200.00, 0.00),
(404, 58, 404, 3000.00, 1200.00),
(405, 54, 405, 2500.00, 1625.00),
(406, 82, 406, 2500.00, 1500.00),
(407, 95, 407, 3000.00, 840.00),
(408, 49, 408, 2200.00, 440.00),
(409, 71, 409, 2500.00, 750.00),
(410, 86, 410, 2500.00, 1500.00),
(411, 36, 411, 3000.00, 1350.00),
(412, 63, 412, 2500.00, 875.00),
(413, 93, 413, 2500.00, 1125.00),
(414, 62, 414, 2500.00, 612.50),
(415, 70, 415, 2500.00, 1625.00),
(416, 17, 416, 2200.00, 847.00),
(417, 23, 417, 2500.00, 1250.00),
(418, 38, 418, 2500.00, 787.50),
(419, 82, 419, 2500.00, 1500.00),
(420, 24, 420, 2500.00, 1375.00),
(421, 12, 421, 2500.00, 875.00),
(422, 59, 422, 2200.00, 1210.00),
(423, 50, 423, 3000.00, 1260.00),
(424, 34, 424, 3000.00, 1050.00),
(425, 88, 425, 2500.00, 750.00),
(426, 55, 426, 3000.00, 1500.00),
(427, 59, 427, 2500.00, 1375.00),
(428, 63, 428, 3000.00, 1050.00),
(429, 33, 429, 2500.00, 1050.00),
(430, 34, 430, 2500.00, 875.00),
(431, 16, 431, 2200.00, 1001.00),
(432, 52, 432, 2500.00, 962.50),
(433, 69, 433, 2500.00, 1500.00),
(434, 14, 434, 2500.00, 1375.00),
(435, 72, 435, 2500.00, 1375.00),
(436, 34, 436, 2500.00, 875.00),
(437, 87, 437, 2200.00, 990.00),
(438, 71, 438, 3000.00, 900.00),
(439, 58, 439, 2500.00, 1000.00),
(440, 64, 440, 2500.00, 1875.00),
(441, 20, 441, 2500.00, 1375.00),
(442, 22, 442, 2500.00, 1625.00),
(443, 8, 443, 2500.00, 2000.00),
(444, 38, 444, 2500.00, 787.50),
(445, 99, 445, 2500.00, 1625.00),
(446, 36, 446, 3000.00, 1350.00),
(447, 55, 447, 2500.00, 1250.00),
(448, 88, 448, 3000.00, 900.00),
(449, 81, 449, 3000.00, 1800.00),
(450, 47, 450, 2500.00, 875.00),
(451, 65, 451, 3000.00, 1350.00),
(452, 97, 452, 3000.00, 1650.00),
(453, 76, 453, 2500.00, 787.50),
(454, 79, 454, 2500.00, 875.00),
(455, 35, 455, 3000.00, 1350.00),
(456, 66, 456, 2500.00, 787.50),
(457, 44, 457, 3000.00, 1500.00),
(458, 44, 458, 2500.00, 1250.00),
(459, 78, 459, 2500.00, 1000.00),
(460, 91, 460, 3000.00, 1650.00),
(461, 92, 461, 2500.00, 787.50),
(462, 28, 462, 2500.00, 875.00),
(463, 49, 463, 2500.00, 500.00),
(464, 99, 464, 2500.00, 1625.00),
(465, 97, 465, 2500.00, 1375.00),
(466, 62, 466, 2500.00, 612.50),
(467, 88, 467, 2500.00, 750.00),
(468, 69, 468, 2500.00, 1500.00),
(469, 83, 469, 3000.00, 1155.00),
(470, 67, 470, 2500.00, 1625.00),
(471, 71, 471, 3000.00, 900.00),
(472, 36, 472, 2500.00, 1125.00),
(473, 57, 473, 2500.00, 1875.00),
(474, 21, 474, 2500.00, 1000.00),
(475, 80, 475, 2500.00, 1250.00),
(476, 31, 476, 3000.00, 1575.00),
(477, 52, 477, 2500.00, 962.50),
(478, 8, 478, 3000.00, 2400.00),
(479, 12, 479, 2500.00, 875.00),
(480, 20, 480, 2500.00, 1375.00),
(481, 23, 481, 1300.00, 650.00),
(482, 68, 482, 2200.00, 1320.00),
(483, 37, 483, 3000.00, 2100.00),
(484, 90, 484, 2500.00, 1050.00),
(485, 94, 485, 2200.00, 1210.00),
(486, 4, 486, 2200.00, 1320.00),
(487, 80, 487, 2500.00, 1250.00),
(488, 91, 488, 3000.00, 1650.00),
(489, 26, 489, 2500.00, 1000.00),
(490, 97, 490, 3000.00, 1650.00),
(491, 45, 491, 2500.00, 1875.00),
(492, 36, 492, 2200.00, 990.00),
(493, 5, 493, 2500.00, 0.00),
(494, 21, 494, 3000.00, 1200.00),
(495, 68, 495, 2200.00, 1320.00),
(496, 91, 496, 2500.00, 1375.00),
(497, 7, 497, 2500.00, 1050.00),
(498, 98, 498, 2500.00, 1250.00),
(499, 52, 499, 2500.00, 962.50),
(500, 78, 500, 3000.00, 1200.00),
(501, 21, 501, 3000.00, 1200.00),
(502, 66, 502, 2500.00, 787.50),
(503, 58, 503, 3000.00, 1200.00),
(504, 76, 504, 2500.00, 787.50),
(505, 70, 505, 2200.00, 1430.00),
(506, 28, 506, 2500.00, 875.00),
(507, 54, 507, 3000.00, 1950.00),
(508, 80, 508, 3000.00, 1500.00),
(509, 62, 509, 2500.00, 612.50),
(510, 56, 510, 2500.00, 1625.00),
(511, 73, 511, 2500.00, 1625.00),
(512, 76, 512, 2500.00, 787.50),
(513, 39, 513, 3000.00, 1950.00),
(514, 91, 514, 2500.00, 1375.00),
(515, 63, 515, 2500.00, 875.00),
(516, 7, 516, 3000.00, 1260.00),
(517, 40, 517, 2500.00, 375.00),
(518, 41, 518, 3000.00, 1200.00),
(519, 73, 519, 2500.00, 1625.00),
(520, 49, 520, 2200.00, 440.00),
(521, 40, 521, 3000.00, 450.00),
(522, 25, 522, 2500.00, 962.50),
(523, 49, 523, 2500.00, 500.00),
(524, 16, 524, 3000.00, 1365.00),
(525, 20, 525, 3000.00, 1650.00),
(526, 57, 526, 2500.00, 1875.00),
(527, 82, 527, 2500.00, 1500.00),
(528, 46, 528, 2500.00, 1137.50),
(529, 12, 529, 2200.00, 770.00),
(530, 72, 530, 2500.00, 1375.00),
(531, 46, 531, 2200.00, 1001.00),
(532, 86, 532, 2500.00, 1500.00),
(533, 17, 533, 2500.00, 962.50),
(534, 9, 534, 2200.00, 1100.00),
(535, 57, 535, 3000.00, 2250.00),
(536, 34, 536, 3000.00, 1050.00),
(537, 66, 537, 2500.00, 787.50),
(538, 48, 538, 2500.00, 1000.00),
(539, 95, 539, 2500.00, 700.00),
(540, 41, 540, 2500.00, 1000.00),
(541, 82, 541, 2500.00, 1500.00),
(542, 29, 542, 3000.00, 1950.00),
(543, 5, 543, 2500.00, 0.00),
(544, 23, 544, 3000.00, 1500.00),
(545, 55, 545, 3000.00, 1500.00),
(546, 43, 546, 3000.00, 1500.00),
(547, 85, 547, 2500.00, 1500.00),
(548, 28, 548, 2500.00, 875.00),
(549, 56, 549, 2200.00, 1430.00),
(550, 4, 550, 2500.00, 1500.00),
(551, 91, 551, 3000.00, 1650.00),
(552, 77, 552, 2200.00, 1540.00),
(553, 61, 553, 2500.00, 1875.00),
(554, 17, 554, 2200.00, 847.00),
(555, 78, 555, 2500.00, 1000.00),
(556, 67, 556, 2500.00, 1625.00),
(557, 33, 557, 2500.00, 1050.00),
(558, 36, 558, 2500.00, 1125.00),
(559, 18, 559, 2500.00, 787.50),
(560, 27, 560, 3000.00, 1470.00),
(561, 19, 561, 2500.00, 612.50),
(562, 22, 562, 2500.00, 1625.00),
(563, 5, 563, 3000.00, 0.00),
(564, 59, 564, 2500.00, 1375.00),
(565, 96, 565, 3000.00, 2100.00),
(566, 10, 566, 2500.00, 787.50),
(567, 25, 567, 2500.00, 962.50),
(568, 49, 568, 3000.00, 600.00),
(569, 23, 569, 2500.00, 1250.00),
(570, 11, 570, 3000.00, 1950.00),
(571, 55, 571, 2500.00, 1250.00),
(572, 41, 572, 3000.00, 1200.00),
(573, 25, 573, 3000.00, 1155.00),
(574, 50, 574, 2500.00, 1050.00),
(575, 54, 575, 2500.00, 1625.00),
(576, 27, 576, 2500.00, 1225.00),
(577, 40, 577, 3000.00, 450.00),
(578, 28, 578, 2500.00, 875.00),
(579, 11, 579, 2500.00, 1625.00),
(580, 48, 580, 3000.00, 1200.00),
(581, 77, 581, 2500.00, 1750.00),
(582, 75, 582, 3000.00, 600.00),
(583, 47, 583, 2500.00, 875.00),
(584, 99, 584, 2500.00, 1625.00),
(585, 3, 585, 3000.00, 1050.00),
(586, 75, 586, 2200.00, 440.00),
(587, 46, 587, 3000.00, 1365.00),
(588, 23, 588, 2200.00, 1100.00),
(589, 65, 589, 2500.00, 1125.00),
(590, 36, 590, 2500.00, 1125.00),
(591, 60, 591, 3000.00, 1155.00),
(592, 73, 592, 2500.00, 1625.00),
(593, 46, 593, 2500.00, 1137.50),
(594, 51, 594, 3000.00, 900.00),
(595, 31, 595, 3000.00, 1575.00),
(596, 86, 596, 3000.00, 1800.00),
(597, 93, 597, 2500.00, 1125.00),
(598, 91, 598, 3000.00, 1650.00),
(599, 44, 599, 2200.00, 1100.00),
(600, 28, 600, 2200.00, 770.00),
(601, 48, 601, 2200.00, 880.00),
(602, 15, 602, 3000.00, 1800.00),
(603, 86, 603, 2500.00, 1500.00),
(604, 51, 604, 2500.00, 750.00),
(605, 10, 605, 2500.00, 787.50),
(606, 97, 606, 2500.00, 1375.00),
(607, 89, 607, 2500.00, 1750.00),
(608, 76, 608, 1300.00, 409.50),
(609, 25, 609, 2500.00, 962.50),
(610, 72, 610, 2500.00, 1375.00),
(611, 51, 611, 3000.00, 900.00),
(612, 73, 612, 2500.00, 1625.00),
(613, 95, 613, 3000.00, 840.00),
(614, 27, 614, 2500.00, 1225.00),
(615, 18, 615, 2200.00, 693.00),
(616, 19, 616, 3000.00, 735.00),
(617, 41, 617, 2500.00, 1000.00),
(618, 65, 618, 3000.00, 1350.00),
(619, 97, 619, 2500.00, 1375.00),
(620, 31, 620, 3000.00, 1575.00),
(621, 40, 621, 2500.00, 375.00),
(622, 27, 622, 3000.00, 1470.00),
(623, 78, 623, 1300.00, 520.00),
(624, 62, 624, 2500.00, 612.50),
(625, 23, 625, 2200.00, 1100.00),
(626, 17, 626, 2500.00, 962.50),
(627, 15, 627, 2500.00, 1500.00),
(628, 90, 628, 2500.00, 1050.00),
(629, 66, 629, 2500.00, 787.50),
(630, 9, 630, 2500.00, 1250.00),
(631, 43, 631, 2500.00, 1250.00),
(632, 42, 632, 2200.00, 1430.00),
(633, 56, 633, 2500.00, 1625.00),
(634, 51, 634, 3000.00, 900.00),
(635, 87, 635, 3000.00, 1350.00),
(636, 3, 636, 3000.00, 1050.00),
(637, 12, 637, 2500.00, 875.00),
(638, 70, 638, 3000.00, 1950.00),
(639, 35, 639, 2500.00, 1125.00),
(640, 66, 640, 3000.00, 945.00),
(641, 33, 641, 2500.00, 1050.00),
(642, 65, 642, 3000.00, 1350.00),
(643, 77, 643, 1300.00, 910.00),
(644, 60, 644, 3000.00, 1155.00),
(645, 71, 645, 2500.00, 750.00),
(646, 78, 646, 2500.00, 1000.00),
(647, 5, 647, 2500.00, 0.00),
(648, 44, 648, 2500.00, 1250.00),
(649, 5, 649, 3000.00, 0.00),
(650, 98, 650, 2500.00, 1250.00),
(651, 95, 651, 3000.00, 840.00),
(652, 28, 652, 3000.00, 1050.00),
(653, 74, 653, 2500.00, 1875.00),
(654, 50, 654, 2500.00, 1050.00),
(655, 44, 655, 2500.00, 1250.00),
(656, 25, 656, 2500.00, 962.50),
(657, 64, 657, 2200.00, 1650.00),
(658, 6, 658, 2500.00, 1875.00),
(659, 27, 659, 2500.00, 1225.00),
(660, 87, 660, 2500.00, 1125.00),
(661, 18, 661, 2500.00, 787.50),
(662, 30, 662, 1300.00, 845.00),
(663, 57, 663, 3000.00, 2250.00),
(664, 19, 664, 2500.00, 612.50),
(665, 14, 665, 3000.00, 1650.00),
(666, 76, 666, 2200.00, 693.00),
(667, 98, 667, 3000.00, 1500.00),
(668, 41, 668, 2500.00, 1000.00),
(669, 35, 669, 2200.00, 990.00),
(670, 7, 670, 2500.00, 1050.00),
(671, 80, 671, 3000.00, 1500.00),
(672, 88, 672, 2500.00, 750.00),
(673, 85, 673, 2500.00, 1500.00),
(674, 47, 674, 2200.00, 770.00),
(675, 78, 675, 2500.00, 1000.00),
(676, 93, 676, 2500.00, 1125.00),
(677, 74, 677, 2500.00, 1875.00),
(678, 37, 678, 2500.00, 1750.00),
(679, 34, 679, 3000.00, 1050.00),
(680, 75, 680, 2500.00, 500.00),
(681, 11, 681, 2500.00, 1625.00),
(682, 94, 682, 2500.00, 1375.00),
(683, 41, 683, 2500.00, 1000.00),
(684, 40, 684, 1300.00, 195.00),
(685, 30, 685, 2500.00, 1625.00),
(686, 81, 686, 2500.00, 1500.00),
(687, 95, 687, 2500.00, 700.00),
(688, 2, 688, 2500.00, 1312.50),
(689, 11, 689, 2500.00, 1625.00),
(690, 48, 690, 2500.00, 1000.00),
(691, 1, 691, 2500.00, 2450.00),
(692, 26, 692, 2500.00, 1000.00),
(693, 32, 693, 2500.00, 1875.00),
(694, 95, 694, 2500.00, 700.00),
(695, 94, 695, 2500.00, 1375.00),
(696, 65, 696, 3000.00, 1350.00),
(697, 23, 697, 2500.00, 1250.00),
(698, 33, 698, 2500.00, 1050.00),
(699, 69, 699, 2200.00, 1320.00),
(700, 21, 700, 3000.00, 1200.00),
(701, 95, 701, 2500.00, 700.00),
(702, 18, 702, 3000.00, 945.00),
(703, 90, 703, 2500.00, 1050.00),
(704, 75, 704, 3000.00, 600.00),
(705, 65, 705, 2500.00, 1125.00),
(706, 39, 706, 2500.00, 1625.00),
(707, 27, 707, 2500.00, 1225.00),
(708, 96, 708, 2500.00, 1750.00),
(709, 23, 709, 3000.00, 1500.00),
(710, 25, 710, 2500.00, 962.50),
(711, 55, 711, 2500.00, 1250.00),
(712, 40, 712, 2500.00, 375.00),
(713, 57, 713, 3000.00, 2250.00),
(714, 84, 714, 3000.00, 1500.00),
(715, 52, 715, 2500.00, 962.50),
(716, 6, 716, 2200.00, 1650.00),
(717, 81, 717, 2500.00, 1500.00),
(718, 90, 718, 3000.00, 1260.00),
(719, 41, 719, 2500.00, 1000.00),
(720, 73, 720, 3000.00, 1950.00),
(721, 51, 721, 2500.00, 750.00),
(722, 85, 722, 2500.00, 1500.00),
(723, 48, 723, 3000.00, 1200.00),
(724, 79, 724, 2500.00, 875.00),
(725, 35, 725, 3000.00, 1350.00),
(726, 14, 726, 2500.00, 1375.00),
(727, 92, 727, 2500.00, 787.50),
(728, 18, 728, 2500.00, 787.50),
(729, 30, 729, 2500.00, 1625.00),
(730, 89, 730, 3000.00, 2100.00),
(731, 47, 731, 3000.00, 1050.00),
(732, 68, 732, 3000.00, 1800.00),
(733, 37, 733, 2500.00, 1750.00),
(734, 79, 734, 3000.00, 1050.00),
(735, 99, 735, 2500.00, 1625.00),
(736, 21, 736, 2500.00, 1000.00),
(737, 74, 737, 2500.00, 1875.00),
(738, 50, 738, 2500.00, 1050.00),
(739, 93, 739, 2500.00, 1125.00),
(740, 67, 740, 3000.00, 1950.00),
(741, 38, 741, 2500.00, 787.50),
(742, 10, 742, 2500.00, 787.50),
(743, 29, 743, 2500.00, 1625.00),
(744, 1, 744, 2500.00, 2450.00),
(745, 70, 745, 3000.00, 1950.00),
(746, 99, 746, 3000.00, 1950.00),
(747, 95, 747, 2500.00, 700.00),
(748, 76, 748, 3000.00, 945.00),
(749, 92, 749, 2500.00, 787.50),
(750, 30, 750, 3000.00, 1950.00),
(751, 26, 751, 2500.00, 1000.00),
(752, 32, 752, 2500.00, 1875.00),
(753, 34, 753, 2500.00, 875.00),
(754, 55, 754, 3000.00, 1500.00),
(755, 44, 755, 2500.00, 1250.00),
(756, 61, 756, 2500.00, 1875.00),
(757, 40, 757, 2500.00, 375.00),
(758, 49, 758, 2500.00, 500.00),
(759, 45, 759, 3000.00, 2250.00),
(760, 16, 760, 2500.00, 1137.50),
(761, 89, 761, 2500.00, 1750.00),
(762, 75, 762, 2500.00, 500.00),
(763, 9, 763, 2500.00, 1250.00),
(764, 63, 764, 3000.00, 1050.00),
(765, 23, 765, 2500.00, 1250.00),
(766, 44, 766, 2500.00, 1250.00),
(767, 83, 767, 2500.00, 962.50),
(768, 8, 768, 2500.00, 2000.00),
(769, 22, 769, 2500.00, 1625.00),
(770, 36, 770, 2500.00, 1125.00),
(771, 73, 771, 2500.00, 1625.00),
(772, 82, 772, 3000.00, 1800.00),
(773, 41, 773, 3000.00, 1200.00),
(774, 3, 774, 3000.00, 1050.00),
(775, 26, 775, 2500.00, 1000.00),
(776, 91, 776, 2200.00, 1210.00),
(777, 88, 777, 2500.00, 750.00),
(778, 7, 778, 2200.00, 924.00),
(779, 87, 779, 2500.00, 1125.00),
(780, 34, 780, 2500.00, 875.00),
(781, 28, 781, 2200.00, 770.00),
(782, 78, 782, 2500.00, 1000.00),
(783, 19, 783, 2200.00, 539.00),
(784, 43, 784, 1300.00, 650.00),
(785, 47, 785, 3000.00, 1050.00),
(786, 70, 786, 3000.00, 1950.00),
(787, 42, 787, 2500.00, 1625.00),
(788, 29, 788, 2500.00, 1625.00),
(789, 29, 789, 2500.00, 1625.00),
(790, 93, 790, 2500.00, 1125.00),
(791, 30, 791, 2500.00, 1625.00),
(792, 87, 792, 2500.00, 1125.00),
(793, 89, 793, 2500.00, 1750.00),
(794, 62, 794, 2500.00, 612.50),
(795, 9, 795, 3000.00, 1500.00),
(796, 23, 796, 3000.00, 1500.00),
(797, 20, 797, 2500.00, 1375.00),
(798, 68, 798, 2500.00, 1500.00),
(799, 76, 799, 2500.00, 787.50),
(800, 35, 800, 2500.00, 1125.00),
(801, 88, 801, 2500.00, 750.00),
(802, 51, 802, 2500.00, 750.00),
(803, 76, 803, 2500.00, 787.50),
(804, 48, 804, 3000.00, 1200.00),
(805, 17, 805, 3000.00, 1155.00),
(806, 12, 806, 2500.00, 875.00),
(807, 71, 807, 2500.00, 750.00),
(808, 10, 808, 3000.00, 945.00),
(809, 19, 809, 3000.00, 735.00),
(810, 95, 810, 3000.00, 840.00),
(811, 3, 811, 3000.00, 1050.00),
(812, 69, 812, 2500.00, 1500.00),
(813, 80, 813, 3000.00, 1500.00),
(814, 94, 814, 2500.00, 1375.00),
(815, 89, 815, 2500.00, 1750.00),
(816, 83, 816, 2500.00, 962.50),
(817, 10, 817, 3000.00, 945.00),
(818, 91, 818, 2500.00, 1375.00),
(819, 97, 819, 2500.00, 1375.00),
(820, 62, 820, 2500.00, 612.50),
(821, 18, 821, 3000.00, 945.00),
(822, 58, 822, 2500.00, 1000.00),
(823, 50, 823, 2500.00, 1050.00),
(824, 10, 824, 2500.00, 787.50),
(825, 10, 825, 3000.00, 945.00),
(826, 83, 826, 2500.00, 962.50),
(827, 56, 827, 3000.00, 1950.00),
(828, 18, 828, 2500.00, 787.50),
(829, 24, 829, 3000.00, 1650.00),
(830, 49, 830, 3000.00, 600.00),
(831, 43, 831, 3000.00, 1500.00),
(832, 26, 832, 2500.00, 1000.00),
(833, 48, 833, 2500.00, 1000.00),
(834, 19, 834, 3000.00, 735.00),
(835, 9, 835, 2500.00, 1250.00),
(836, 66, 836, 2500.00, 787.50),
(837, 5, 837, 2500.00, 0.00),
(838, 98, 838, 2500.00, 1250.00),
(839, 75, 839, 2500.00, 500.00),
(840, 69, 840, 2500.00, 1500.00),
(841, 24, 841, 2500.00, 1375.00),
(842, 37, 842, 3000.00, 2100.00),
(843, 59, 843, 2500.00, 1375.00),
(844, 51, 844, 2500.00, 750.00),
(845, 45, 845, 3000.00, 2250.00),
(846, 93, 846, 2500.00, 1125.00),
(847, 38, 847, 2200.00, 693.00),
(848, 98, 848, 2200.00, 1100.00),
(849, 11, 849, 2500.00, 1625.00),
(850, 72, 850, 3000.00, 1650.00),
(851, 88, 851, 2500.00, 750.00),
(852, 93, 852, 2500.00, 1125.00),
(853, 38, 853, 3000.00, 945.00),
(854, 38, 854, 2500.00, 787.50),
(855, 85, 855, 3000.00, 1800.00),
(856, 5, 856, 2500.00, 0.00),
(857, 55, 857, 2500.00, 1250.00),
(858, 37, 858, 2500.00, 1750.00),
(859, 97, 859, 2500.00, 1375.00),
(860, 72, 860, 3000.00, 1650.00),
(861, 79, 861, 2500.00, 875.00),
(862, 9, 862, 2500.00, 1250.00),
(863, 74, 863, 2200.00, 1650.00),
(864, 64, 864, 2500.00, 1875.00),
(865, 79, 865, 2200.00, 770.00),
(866, 93, 866, 2500.00, 1125.00),
(867, 62, 867, 2500.00, 612.50),
(868, 66, 868, 2500.00, 787.50),
(869, 7, 869, 2500.00, 1050.00),
(870, 52, 870, 2200.00, 847.00),
(871, 11, 871, 2500.00, 1625.00),
(872, 83, 872, 2500.00, 962.50),
(873, 19, 873, 2500.00, 612.50),
(874, 49, 874, 2500.00, 500.00),
(875, 41, 875, 2500.00, 1000.00),
(876, 4, 876, 2500.00, 1500.00),
(877, 85, 877, 2500.00, 1500.00),
(878, 22, 878, 2500.00, 1625.00),
(879, 60, 879, 3000.00, 1155.00),
(880, 19, 880, 2500.00, 612.50),
(881, 18, 881, 3000.00, 945.00),
(882, 49, 882, 2500.00, 500.00),
(883, 77, 883, 2500.00, 1750.00),
(884, 34, 884, 2500.00, 875.00),
(885, 28, 885, 2500.00, 875.00),
(886, 60, 886, 2500.00, 962.50),
(887, 70, 887, 3000.00, 1950.00),
(888, 96, 888, 2500.00, 1750.00),
(889, 95, 889, 2500.00, 700.00),
(890, 67, 890, 3000.00, 1950.00),
(891, 32, 891, 2200.00, 1650.00),
(892, 60, 892, 2500.00, 962.50),
(893, 24, 893, 2500.00, 1375.00),
(894, 78, 894, 2500.00, 1000.00),
(895, 75, 895, 2500.00, 500.00),
(896, 58, 896, 3000.00, 1200.00),
(897, 43, 897, 3000.00, 1500.00),
(898, 40, 898, 2200.00, 330.00),
(899, 16, 899, 2200.00, 1001.00),
(900, 96, 900, 2500.00, 1750.00),
(901, 92, 901, 3000.00, 945.00),
(902, 73, 902, 2500.00, 1625.00),
(903, 54, 903, 2200.00, 1430.00),
(904, 50, 904, 2500.00, 1050.00),
(905, 14, 905, 3000.00, 1650.00),
(906, 85, 906, 2500.00, 1500.00),
(907, 2, 907, 2200.00, 1155.00),
(908, 27, 908, 2500.00, 1225.00),
(909, 38, 909, 2500.00, 787.50),
(910, 66, 910, 3000.00, 945.00),
(911, 9, 911, 2500.00, 1250.00),
(912, 94, 912, 2500.00, 1375.00),
(913, 91, 913, 2500.00, 1375.00),
(914, 92, 914, 2500.00, 787.50),
(915, 90, 915, 2500.00, 1050.00),
(916, 44, 916, 2500.00, 1250.00),
(917, 30, 917, 2500.00, 1625.00),
(918, 56, 918, 3000.00, 1950.00),
(919, 59, 919, 2500.00, 1375.00),
(920, 12, 920, 3000.00, 1050.00),
(921, 92, 921, 3000.00, 945.00),
(922, 42, 922, 3000.00, 1950.00),
(923, 88, 923, 2500.00, 750.00),
(924, 71, 924, 2500.00, 750.00),
(925, 22, 925, 3000.00, 1950.00),
(926, 10, 926, 3000.00, 945.00),
(927, 59, 927, 2500.00, 1375.00),
(928, 51, 928, 2500.00, 750.00),
(929, 66, 929, 2500.00, 787.50),
(930, 92, 930, 1300.00, 409.50),
(931, 53, 931, 2500.00, 1875.00),
(932, 43, 932, 3000.00, 1500.00),
(933, 59, 933, 1300.00, 715.00),
(934, 78, 934, 2500.00, 1000.00),
(935, 62, 935, 2500.00, 612.50),
(936, 88, 936, 3000.00, 900.00),
(937, 7, 937, 3000.00, 1260.00),
(938, 62, 938, 2500.00, 612.50),
(939, 28, 939, 3000.00, 1050.00),
(940, 64, 940, 2500.00, 1875.00),
(941, 55, 941, 2500.00, 1250.00),
(942, 61, 942, 2500.00, 1875.00),
(943, 22, 943, 2500.00, 1625.00),
(944, 57, 944, 3000.00, 2250.00),
(945, 87, 945, 3000.00, 1350.00),
(946, 79, 946, 1300.00, 455.00),
(947, 46, 947, 2500.00, 1137.50),
(948, 98, 948, 1300.00, 650.00),
(949, 38, 949, 2500.00, 787.50),
(950, 75, 950, 2200.00, 440.00),
(951, 12, 951, 2200.00, 770.00),
(952, 58, 952, 2500.00, 1000.00),
(953, 34, 953, 2500.00, 875.00),
(954, 67, 954, 2500.00, 1625.00),
(955, 5, 955, 2500.00, 0.00),
(956, 64, 956, 2500.00, 1875.00),
(957, 26, 957, 3000.00, 1200.00),
(958, 76, 958, 2500.00, 787.50),
(959, 65, 959, 2500.00, 1125.00),
(960, 86, 960, 3000.00, 1800.00),
(961, 11, 961, 3000.00, 1950.00),
(962, 29, 962, 2500.00, 1625.00),
(963, 1, 963, 2500.00, 2450.00),
(964, 86, 964, 2500.00, 1500.00),
(965, 87, 965, 3000.00, 1350.00),
(966, 5, 966, 2500.00, 0.00),
(967, 47, 967, 3000.00, 1050.00),
(968, 10, 968, 3000.00, 945.00),
(969, 87, 969, 2500.00, 1125.00),
(970, 48, 970, 2500.00, 1000.00),
(971, 53, 971, 2500.00, 1875.00),
(972, 26, 972, 3000.00, 1200.00),
(973, 63, 973, 3000.00, 1050.00),
(974, 66, 974, 2500.00, 787.50),
(975, 92, 975, 2500.00, 787.50),
(976, 89, 976, 3000.00, 2100.00),
(977, 29, 977, 3000.00, 1950.00),
(978, 58, 978, 3000.00, 1200.00),
(979, 69, 979, 2500.00, 1500.00),
(980, 42, 980, 2200.00, 1430.00),
(981, 53, 981, 3000.00, 2250.00),
(982, 41, 982, 2500.00, 1000.00),
(983, 26, 983, 3000.00, 1200.00),
(984, 40, 984, 3000.00, 450.00),
(985, 71, 985, 2500.00, 750.00),
(986, 79, 986, 2500.00, 875.00),
(987, 90, 987, 2500.00, 1050.00),
(988, 78, 988, 3000.00, 1200.00),
(989, 70, 989, 2500.00, 1625.00),
(990, 81, 990, 3000.00, 1800.00),
(991, 49, 991, 2500.00, 500.00),
(992, 5, 992, 3000.00, 0.00),
(993, 5, 993, 2500.00, 0.00),
(994, 94, 994, 2500.00, 1375.00),
(995, 32, 995, 2500.00, 1875.00),
(996, 84, 996, 2500.00, 1250.00),
(997, 4, 997, 2500.00, 1500.00),
(998, 80, 998, 3000.00, 1500.00),
(999, 82, 999, 3000.00, 1800.00),
(1000, 62, 1000, 3000.00, 735.00);

--
-- Indeksy dla zrzutów tabel
--

--
-- Indeksy dla tabeli `car`
--
ALTER TABLE `car`
  ADD PRIMARY KEY (`id`),
  ADD KEY `FK_car_client` (`client_id`);

--
-- Indeksy dla tabeli `clients`
--
ALTER TABLE `clients`
  ADD PRIMARY KEY (`id`);

--
-- Indeksy dla tabeli `ubezpiecz_wynik`
--
ALTER TABLE `ubezpiecz_wynik`
  ADD PRIMARY KEY (`ID_ubezpieczenia`),
  ADD KEY `fk_klient` (`ID_klienta`),
  ADD KEY `fk_samochod` (`ID_samochodu`);

--
-- AUTO_INCREMENT for dumped tables
--

--
-- AUTO_INCREMENT for table `car`
--
ALTER TABLE `car`
  MODIFY `id` int(11) NOT NULL AUTO_INCREMENT, AUTO_INCREMENT=1001;

--
-- AUTO_INCREMENT for table `clients`
--
ALTER TABLE `clients`
  MODIFY `id` int(11) NOT NULL AUTO_INCREMENT, AUTO_INCREMENT=1001;

--
-- AUTO_INCREMENT for table `ubezpiecz_wynik`
--
ALTER TABLE `ubezpiecz_wynik`
  MODIFY `ID_ubezpieczenia` int(11) NOT NULL AUTO_INCREMENT, AUTO_INCREMENT=1024;

--
-- Constraints for dumped tables
--

--
-- Constraints for table `car`
--
ALTER TABLE `car`
  ADD CONSTRAINT `FK_car_client` FOREIGN KEY (`client_id`) REFERENCES `clients` (`id`);

--
-- Constraints for table `ubezpiecz_wynik`
--
ALTER TABLE `ubezpiecz_wynik`
  ADD CONSTRAINT `fk_klient` FOREIGN KEY (`ID_klienta`) REFERENCES `clients` (`id`) ON DELETE CASCADE,
  ADD CONSTRAINT `fk_samochod` FOREIGN KEY (`ID_samochodu`) REFERENCES `car` (`id`) ON DELETE CASCADE;
COMMIT;

/*!40101 SET CHARACTER_SET_CLIENT=@OLD_CHARACTER_SET_CLIENT */;
/*!40101 SET CHARACTER_SET_RESULTS=@OLD_CHARACTER_SET_RESULTS */;
/*!40101 SET COLLATION_CONNECTION=@OLD_COLLATION_CONNECTION */;
